Molecule ChEMBL ID,Smiles,pChEMBL Value,Assay ChEMBL ID
CHEMBL2165040,c1cnc(Nc2cccc3n[nH]cc23)c(-c2ncnc3nc[nH]c23)c1,4.64,CHEMBL3706341
CHEMBL4293439,C[C@@H]1CN(c2nc(-c3cnc(N)cc3C(F)F)nc(N3C[C@@H](C)O[C@@H](C)C3)n2)C[C@H](C)O1,4.81,CHEMBL4276427
CHEMBL3698320,Cc1nc2ccc(Cl)cc2c(N2CC(C)(C)c3ccc(-c4cn[nH]c4)cc32)c1C,5.02,CHEMBL3705734
CHEMBL4288989,CC1(C)CN(c2nc(-c3cnc(N)cc3C(F)F)nc(N3CCOC(C)(C)C3)n2)CCO1,5.06,CHEMBL4276427
CHEMBL3698332,COc1cc2nc(C)c(C)c(N3CC4(CCOCC4)c4ccc(C#N)cc43)c2cc1Cl,5.12,CHEMBL3705734
CHEMBL2165041,COc1ccc(Nc2ncccc2-c2ncnc3nc[nH]c23)cn1,5.14,CHEMBL3706341
CHEMBL2418338,CCNC(=O)Nc1ccc(-c2nc(N3CCOC[C@@H]3C)c3c(n2)nc(C(C)(C)O)n3C)cc1,5.16,CHEMBL2421129
CHEMBL2418350,CCNC(=O)Nc1ccc(-c2nc(N3CCOC[C@@H]3CC)c3c(n2)c(C)nn3C)cc1,5.24,CHEMBL2421129
CHEMBL3643919,c1cnc(Nc2cccc3[nH]ccc23)c(-c2ncnc3[nH]cnc23)c1,5.25,CHEMBL3706341
CHEMBL3698318,COc1ccccc1-c1cc(N2CC(C)(C)c3ccc(N4CCOCC4)cc32)c2cc(Cl)ccc2n1,5.25,CHEMBL3705734
CHEMBL4289122,Nc1cc(C(F)(F)F)c(-c2nc(N3C4CCC3COC4)cc(N3C4CCC3COC4)n2)cn1,5.25,CHEMBL4276427
CHEMBL2418351,CCNC(=O)Nc1ccc(-c2nc(N3C[C@@H]4C[C@H]3CO4)c3c(cnn3C)n2)cc1,5.29,CHEMBL2421129
CHEMBL2171926,Cc1c(-c2ccccn2)nc2cc(F)ccc2c1N1CC(C)(C)c2ccc(-c3ccncc3)cc21,5.3,CHEMBL3705734
CHEMBL4288210,Nc1cc(C(F)F)c(-c2nc(N3C[C@H]4C[C@@H]3CO4)nc(N3C[C@H]4C[C@@H]3CO4)n2)cn1,5.33,CHEMBL4276427
CHEMBL4539743,Nc1cc(C(F)(F)F)c(-c2nc(N3C4CCC3COC4)nc(N3C4CCC3COC4)n2)cn1,5.33,CHEMBL4360966
CHEMBL1668270,Cc1ccc(NC(=O)c2c(C)ccc3c(N)nc(C)nc23)cn1,5.34,CHEMBL1670738
CHEMBL4572049,CCCCn1nc(-c2ccc3oc(N)nc3c2)c2c(Cl)nc(N)nc21,5.34,CHEMBL4410952
CHEMBL1668265,Cc1nc(N)c2ccc(C)c(C(=O)Nc3ccn[nH]3)c2n1,5.34,CHEMBL1670738
CHEMBL4286698,Nc1cc(C(F)F)c(-c2nc(N3C4CCC3COC4)nc(N3C4CCC3COC4)n2)cn1,5.38,CHEMBL4276427
CHEMBL3698324,Cc1nc2ccc(Cl)cc2c(-n2ccc3c(O)cc(-c4cn[nH]c4)cc32)c1C,5.39,CHEMBL3705734
CHEMBL3698334,COc1cc2nc(C)c(C)c(N3CC(C)(C)c4ccc(N5CCOCC5)c(C)c43)c2cc1Cl,5.4,CHEMBL3705734
CHEMBL3639971,COc1cc(OC)c2nc(C)c(C)c(N3CC(C)(C)c4ccc(N5CCOCC5)cc43)c2c1,5.4,CHEMBL3705734
CHEMBL3698310,Cc1c(-c2cc(C(F)(F)F)cc(C(F)(F)F)c2)nc2cccc(F)c2c1N1CC(C)(C)c2ccc(N3CCOCC3)cc21,5.42,CHEMBL3705734
CHEMBL3698328,COc1cc(N2CCOCC2)cc2c1ccn2-c1c(C)c(C)nc2ccc(Cl)cc12,5.43,CHEMBL3705734
CHEMBL2171927,Cc1c(-c2ccccn2)nc2cc(F)ccc2c1N1CC(C)(C)c2ccc(-c3ccnc(N)n3)cc21,5.45,CHEMBL2174950
CHEMBL2418349,CCNC(=O)Nc1ccc(-c2nc(N3CCOC[C@@H]3CC)c3c(cnn3C)n2)cc1,5.47,CHEMBL2421129
CHEMBL3698317,Cc1cc(Cl)c2nc(C)c(C)c(N3CC(C)(C)c4ccc(N5CCOCC5)cc43)c2c1,5.5,CHEMBL3705734
CHEMBL2165036,Nc1cc(-c2cccnc2Nc2cccc3[nH]ncc23)nc(C(F)(F)F)n1,5.5,CHEMBL3706341
CHEMBL4441763,CC(C)n1nc(-c2ccc3oc(N)nc3c2)c2c(=O)[nH]c(N)nc21,5.5,CHEMBL4410952
CHEMBL3698309,Cc1c(-c2cc(C(F)(F)F)cc(C(F)(F)F)c2)nc2cc(F)ccc2c1N1CC(C)(C)c2ccc(N3CCOCC3)cc21,5.51,CHEMBL3705734
CHEMBL2063759,CCNC(=O)Nc1ccc(-c2nc3c(c(N4C[C@H]5CC[C@@H](C4)O5)n2)CS(=O)(=O)CC3)cc1,5.52,CHEMBL2065053
CHEMBL3646453,CC(=O)Nc1cc(-c2cnccc2Nc2cccc3[nH]ccc23)nc(C)n1,5.57,CHEMBL3706341
CHEMBL3698336,CC1(C)CN(c2c3c(nc4ccc(Cl)cc24)CCCC3)c2cc(N3CCOCC3)ccc21,5.58,CHEMBL3705734
CHEMBL4538004,CC(C)n1nc(-c2ccc3oc(N)nc3c2)c2c(F)nc(N)nc21,5.58,CHEMBL4410952
CHEMBL3401984,OCC(O)[C@H]1C2CCC(CC2)[C@@H]1Nc1nc(-c2c[nH]c3ncc(F)cc23)ncc1F,5.58,CHEMBL3405462
CHEMBL4762174,C[C@@H]1COCCN1c1nc(-c2cnc(N)s2)nc2c1C[C@@H]1COCCN21,5.61,CHEMBL4732440
CHEMBL4278707,Nc1cc(C(F)F)c(-c2nc(N3C4COCC3COC4)nc(N3C4COCC3COC4)n2)cn1,5.62,CHEMBL4276427
CHEMBL4281245,Nc1cc(C(F)F)c(-c2nc(N3C4CCC3COC4)cc(N3C4CCC3COC4)n2)cn1,5.65,CHEMBL4276427
CHEMBL4285727,Nc1cc(C(F)(F)F)c(-c2cc(N3C4CCC3COC4)nc(N3C4CCC3COC4)n2)cn1,5.66,CHEMBL4276427
CHEMBL4538629,CCCCn1nc(-c2ccc3oc(N)nc3c2)c2c(C)nc(N)nc21,5.66,CHEMBL4410952
CHEMBL2071341,Cc1nc(NC(=O)NCCC(=O)OC(C)(C)C)sc1-c1ccc(S(C)(=O)=O)c(F)c1,5.67,CHEMBL2072997
CHEMBL4277797,Nc1cc(C(F)F)c(-c2cc(N3C4CCC3COC4)nc(N3C4CCC3COC4)n2)cn1,5.68,CHEMBL4276427
CHEMBL3698343,Cc1nc2ccc(Cl)cc2c(-n2cc(C#N)c3ccc(-c4cn[nH]c4)cc32)c1C,5.68,CHEMBL3705734
CHEMBL3646515,Cc1nc(N)nc(-c2cc(Cl)cnc2NC2CCOCC2)n1,5.68,CHEMBL3706341
CHEMBL3698323,COc1cc(-c2cn[nH]c2)cc2c1ccn2-c1c(C)c(C)nc2ccc(Cl)cc12,5.69,CHEMBL3705734
CHEMBL2069328,CC(=O)c1ccc(-c2sc(NC(=O)NCCC(=O)NC(C)(C)C)nc2C)cc1,5.72,CHEMBL2072997
CHEMBL3649476,Cc1nc(N)cc(-c2cnccc2Nc2cccc3[nH]ccc23)n1,5.72,CHEMBL3706341
CHEMBL5412575,Nc1cc(C(F)F)c(-c2nc(C3=CCOCC3)nc(N3CCCCC3)n2)cn1,5.73,CHEMBL5321639
CHEMBL3401975,Fc1cnc2[nH]cc(-c3ncc(F)c(N[C@H]4C5CCC(CC5)[C@@H]4c4nnn[nH]4)n3)c2c1,5.75,CHEMBL3405462
CHEMBL3698319,Cc1nc2ccc(Cl)cc2c(N2CC(C)(C)c3ccc(-c4ccncc4)cc32)c1C,5.77,CHEMBL3705734
CHEMBL3643922,COc1ccc(Nc2ncc(CN3CCN(S(C)(=O)=O)CC3)cc2-c2ncnc(C)n2)cn1,5.8,CHEMBL3706341
CHEMBL4752187,C[C@@H]1COCCN1c1nc(-c2nnc(N)s2)nc2c1C[C@@H]1COCCN21,5.81,CHEMBL4732440
CHEMBL3401978,O=c1[nH]c(=O)n(C[C@H]2C3CCC(CC3)[C@@H]2Nc2nc(-c3c[nH]c4ncc(F)cc34)ncc2F)o1,5.82,CHEMBL3405462
CHEMBL3698325,Cc1nc2ccc(Cl)cc2c(-n2ccc3c(C#N)cc(-c4ccncc4)cc32)c1C,5.83,CHEMBL3705734
CHEMBL2063752,CCNC(=O)Nc1ccc(-c2nc3c(c(N4CCOC[C@H]4C)n2)CS(=O)(=O)C3)cc1,5.84,CHEMBL2065053
CHEMBL3698322,COc1cc(-c2ccncc2)cc2c1ccn2-c1c(C)c(C)nc2ccc(Cl)cc12,5.84,CHEMBL3705734
CHEMBL3646549,Cc1nc(N)nc(-c2cc(CN3CCN(S(C)(=O)=O)CC3)cnc2Nc2cc[nH]n2)n1,5.84,CHEMBL3706341
CHEMBL2165042,Cc1nc(-c2cccnc2Nc2cccc3n[nH]cc23)c2c[nH]nc2n1,5.85,CHEMBL3706341
CHEMBL3698297,Cc1c(-c2ccccn2)nc2cc(F)ccc2c1N1CC(C)(C)c2ccc(-c3nc(N)ncc3Cl)cc21,5.85,CHEMBL3705734
CHEMBL2071342,CCn1nnc(CCNC(=O)Nc2nc(C)c(-c3ccc(S(C)(=O)=O)c(F)c3)s2)n1,5.85,CHEMBL2072997
CHEMBL5432177,Nc1cc(C(F)F)c(-c2nc(C3CCOCC3)nc(N3CCCCC3)n2)cn1,5.86,CHEMBL5321639
CHEMBL3643929,Cc1nc(N)nc(-c2cccnc2Nc2ccc(N)nc2)n1,5.88,CHEMBL3706341
CHEMBL3649424,O=S(=O)(Nc1cncc(-c2cnc3ccccn23)c1)c1ccc(F)cc1,5.89,CHEMBL3705286
CHEMBL4294600,Nc1cc(C(F)F)c(-c2nc(N3CC4CCC(C3)O4)nc(N3CC4CCC(C3)O4)n2)cn1,5.89,CHEMBL4276427
CHEMBL3401981,Oc1cc([C@H]2C3CCC(CC3)[C@@H]2Nc2nc(-c3c[nH]c4ncc(F)cc34)ncc2F)on1,5.89,CHEMBL3405462
CHEMBL2017652,Cc1nnc(-c2sc(N3CCOCC3)c(C#N)c2-c2ccc(Cl)cc2)o1,5.89,CHEMBL2020200
CHEMBL5413191,Nc1ncc(-c2nc(C3=CCOCC3)nc(N3CCOCC3)n2)cc1C(F)(F)F,5.9,CHEMBL5321639
CHEMBL3698321,Cc1nc2ccc(Cl)cc2c(N2CCOc3ccc(N4CCOCC4)cc32)c1C,5.9,CHEMBL3705734
CHEMBL2063753,CCNC(=O)Nc1ccc(-c2nc3c(c(N4CCOC[C@@H]4C)n2)CS(=O)(=O)C3)cc1,5.9,CHEMBL2065053
CHEMBL5438874,Nc1cnc(-c2nc(C3=CCOCC3)nc(N3CCOCC3)n2)cn1,5.93,CHEMBL5321639
CHEMBL5434108,Nc1cnc(-c2nc(C3CCOCC3)nc(N3CCOCC3)n2)cn1,5.94,CHEMBL5321639
CHEMBL3698344,CCc1c(C)nc2ccc(Cl)cc2c1N1CC(C)(C)c2ccc(N3CCOCC3)cc21,5.95,CHEMBL3705734
CHEMBL5400572,Nc1cc(C(F)F)c(-c2nc(C3CCOCC3)nc(N3C4CCC3COC4)n2)cn1,5.95,CHEMBL5321639
CHEMBL3698326,Cc1nc2ccc(Cl)cc2c(-n2ccc3c(C#N)cc(-c4cn[nH]c4)cc32)c1C,5.96,CHEMBL3705734
CHEMBL3649435,COc1cc(-c2cnc3ccc(N4CCOCC4)cn23)cnc1OC,5.97,CHEMBL3705286
CHEMBL5433100,C[C@@H]1COCCN1c1nc(-c2cnc(N)cc2C(F)F)nc(C2CCOCC2)n1,5.99,CHEMBL5321639
CHEMBL4588610,CC(C)n1nc(-c2ccc3oc(N)nc3c2)c2c(Br)nc(N)nc21,6.0,CHEMBL4410952
CHEMBL4475845,Cc1nc(N)nc2c1c(-c1ccc3oc(N)nc3c1)nn2C(C)C,6.0,CHEMBL4410952
CHEMBL3698327,Cc1c(C(F)(F)F)nc2ccc(Cl)cc2c1N1CC(C)(C)c2ccc(N3CCOCC3)cc21,6.01,CHEMBL3705734
CHEMBL3646494,Cc1nc(N)nc(-c2cccnc2Nc2cccc(OC(F)F)c2)n1,6.02,CHEMBL3706341
CHEMBL5405438,Nc1ncc(-c2nc(C3CCOCC3)nc(N3CCOCC3)n2)cc1C(F)(F)F,6.03,CHEMBL5321639
CHEMBL5853230,CS(=O)(=O)c1ccc(-c2nc3cc(N[C@H](C(N)=O)C4CC4)cc4c3n2CCCO4)cc1,6.04,CHEMBL5731104
CHEMBL4549761,CC(C)n1nc(-c2ccc3oc(N)nc3c2)c2c(Cl)nc(N)nc21,6.04,CHEMBL4410952
CHEMBL5976720,Cc1nn(C)cc1-c1nc2cc(N[C@H](C(N)=O)C3CC3)cc3c2n1CCCO3,6.04,CHEMBL5731104
CHEMBL3698311,Cc1c(-c2ccccc2F)nc2cccc(Cl)c2c1N1CC(C)(C)c2ccc(N3CCOCC3)cc21,6.05,CHEMBL3705734
CHEMBL3701659,Cc1c(-c2ccccn2)nc2ncccc2c1N1CCOc2ccc(N3CCOCC3)cc21,6.05,CHEMBL3705734
CHEMBL3401979,Oc1cc([C@H]2C3CCC(CC3)[C@@H]2Nc2nc(-c3c[nH]c4ncc(F)cc34)ncc2F)no1,6.06,CHEMBL3405462
CHEMBL2165047,COc1ccc(Nc2cnccc2-c2nc(C)nc(N)n2)cn1,6.06,CHEMBL3706341
CHEMBL3401977,O=P(O)(O)CC[C@H]1C2CCC(CC2)[C@@H]1Nc1nc(-c2c[nH]c3ncc(F)cc23)ncc1F,6.07,CHEMBL3405462
CHEMBL4788107,C[C@@H]1COCCN1c1nc(-c2ccc(N)nn2)nc2c1C[C@@H]1COCCN21,6.07,CHEMBL4732440
CHEMBL3646513,Cc1nc(N)nc(-c2cc(F)cnc2Nc2cncc(F)c2)n1,6.07,CHEMBL3706341
CHEMBL4795980,C[C@@H]1COCCN1c1nc(-c2nc(N)ns2)nc2c1C[C@@H]1COCCN21,6.09,CHEMBL4732440
CHEMBL3646593,CCS(=O)(=O)c1cnc(Nc2cnc(OC)c(F)c2)c(-c2nc(C)nc(N)n2)c1,6.09,CHEMBL3706341
CHEMBL6046574,NC(=O)[C@@H](Nc1cc2c3c(c1)nc(-c1cnn(CCO)c1)n3CCCO2)C1CC1,6.09,CHEMBL5731104
CHEMBL5984218,NC(=O)[C@@H](Nc1cc2c3c(c1)nc(-c1ccc4c(c1)NC(=O)CO4)n3CCCO2)C1CC1,6.09,CHEMBL5731104
CHEMBL2165035,Cc1nc(N)c(F)c(-c2cccnc2Nc2cccc3[nH]ncc23)n1,6.1,CHEMBL3706341
CHEMBL3698335,CC1(C)CN(c2c3c(nc4ccc(Cl)cc24)CCC3)c2cc(N3CCOCC3)ccc21,6.11,CHEMBL3705734
CHEMBL4564479,CC(C)n1nc(-c2ccc3oc(N)nc3c2)c2cnc(N)nc21,6.11,CHEMBL4410952
CHEMBL3649430,COc1cc(-c2cnc3ccc(Br)cn23)cnc1OC,6.11,CHEMBL3705286
CHEMBL3646509,CC(=O)Nc1ccc(Nc2ncccc2-c2nc(C)nc3[nH]cnc23)cc1Cl,6.12,CHEMBL3706341
CHEMBL5964988,NC(=O)[C@@H](Nc1cc2c3c(c1)nc(N1CCOCC1)n3CCCO2)C1CC1,6.13,CHEMBL5731104
CHEMBL4592777,Nc1cc(C(F)(F)F)c(-c2nc(N3CC4CCC(C3)O4)nc(N3CC4CCC(C3)O4)n2)cn1,6.14,CHEMBL4360966
CHEMBL3643932,Cc1nc(-c2cc(Cl)cnc2Nc2cccc3[nH]ncc23)c2nc[nH]c2n1,6.14,CHEMBL3706341
CHEMBL5924517,NC(=O)[C@@H](Nc1cc2c3c(c1)nc(N1CCCCC1)n3CCCO2)C1CC1,6.14,CHEMBL5731104
CHEMBL4283349,COc1cc(N)ncc1-c1nc(N2CCOCC2)nc(N2CCOCC2)n1,6.16,CHEMBL4276427
CHEMBL3646519,Cc1nc(N)nc(-c2cccnc2Nc2ccc(NC(=O)NC(C)C)nc2)n1,6.16,CHEMBL3706341
CHEMBL5786428,C[C@H](Nc1cc2c3c(c1)nc(N1CCC(CO)CC1)n3CCCO2)C(N)=O,6.17,CHEMBL5731104
CHEMBL5832069,NC(=O)[C@@H](Nc1cc2c3c(c1)nc(N1CCC(CO)CC1)n3CCCO2)C1CC1,6.17,CHEMBL5731104
CHEMBL4555199,C[C@@H]1COCCN1c1nc(-c2cnc(N)cc2C(F)(F)F)nc(N2CCOC[C@H]2C)n1,6.17,CHEMBL4360966
CHEMBL6063619,OCc1cnc2cc(-c3nc4cc(Br)cc5c4n3CCCO5)ccc2n1,6.17,CHEMBL5731104
CHEMBL3698338,Cc1cnc2ccccc2c1N1CC(C)(C)c2ccc(N3CCOCC3)cc21,6.18,CHEMBL3705734
CHEMBL6053471,NC(=O)[C@@H](Nc1cc2c3c(c1)nc(N1CCCOCC1)n3CCCO2)C1CC1,6.18,CHEMBL5731104
CHEMBL3646564,Cc1nc(N)nc(-c2cccnc2Nc2cc[nH]c(=O)c2)n1,6.19,CHEMBL3706341
CHEMBL1668276,Cc1nc(N)c2ccc(C)c(C(=O)Nc3cnc4[nH]ccc4c3)c2n1,6.2,CHEMBL1670738
CHEMBL4290128,C[C@@H]1COCCN1c1nc(-c2cnc(N)cc2C(F)F)nc(N2CCOC[C@H]2C)n1,6.2,CHEMBL4276427
CHEMBL3649431,COc1cc(-c2cnc3ccc(-c4ccncc4)cn23)cnc1OC,6.2,CHEMBL3705286
CHEMBL2171933,Cc1nc2ccc(Cl)cc2c(N2CC(C)(C)c3ccc(N4CCOCC4)cc32)c1C,6.2,CHEMBL3705734
CHEMBL4278312,Nc1cc(C(F)F)c(-c2nc(N3CCOCC34CCC4)nc(N3CCOCC34CCC4)n2)cn1,6.2,CHEMBL4276427
CHEMBL3698316,COc1cc2nc(C)c(C)c(N3CC(C)(C)c4ccc(N5CCOCC5)cc43)c2cc1C,6.21,CHEMBL3705734
CHEMBL3646501,Cc1ccc2cc(Nc3ncccc3-c3nc(C)nc(N)n3)ccc2n1,6.21,CHEMBL3706341
CHEMBL3646498,Cc1nc(N)nc(-c2cccnc2Nc2ccc3c(c2)OC(F)(F)O3)n1,6.21,CHEMBL3706341
CHEMBL3698339,Cc1nc2c(C)cc(Cl)cc2c(N2CC(C)(C)c3ccc(N4CCOCC4)cc32)c1C,6.21,CHEMBL3705734
CHEMBL3698331,COc1cc2nc(C)c(C)c(N3CC4(CCOCC4)c4ccc(Br)cc43)c2cc1Cl,6.24,CHEMBL3705734
CHEMBL3698348,Cc1c(-c2ccccc2F)nc2cc(Cl)ccc2c1N1CC2(CCOCC2)c2ccc(N3CCOCC3)cc21,6.24,CHEMBL3705734
CHEMBL5856783,N#Cc1cccc(-c2nc3cc(N[C@H](C(N)=O)C4CC4)cc4c3n2CCCO4)c1,6.25,CHEMBL5731104
CHEMBL3646500,COc1ccc(Nc2ncccc2-c2nc(C)nc(N)n2)cc1OC,6.25,CHEMBL3706341
CHEMBL3618234,Cc1nc(N)nc(-c2c(Nc3ccc4ncccc4c3)nc3ccccn23)n1,6.28,CHEMBL3620380
CHEMBL2063751,CCNC(=O)Nc1ccc(-c2nc3c(c(N4CCOCC4)n2)CS(=O)(=O)C3)cc1,6.29,CHEMBL2065053
CHEMBL3698342,Cc1nc2c(C(F)(F)F)cccc2c(N2CC(C)(C)c3ccc(N4CCOCC4)cc32)c1C,6.29,CHEMBL3705734
CHEMBL3646465,COc1ccc(Nc2nc(-c3ccc(F)cc3)ncc2-c2nc(C)nc(N)n2)cn1,6.3,CHEMBL3706341
CHEMBL4434674,COc1ncc(-c2cc(-c3ncc(CN4C[C@@H](C)O[C@@H](C)C4)o3)c3cn[nH]c3c2)cc1NS(C)(=O)=O,6.3,CHEMBL4393769
CHEMBL3643928,CCOc1ccc(Nc2ncccc2-c2nc(C)nc(N)n2)cn1,6.3,CHEMBL3706341
CHEMBL3649479,Cc1nc(N)nc(-c2cc(CN3CCN(C(=O)N(C)C)CC3)cnc2Nc2cnc(O)c(F)c2)n1,6.3,CHEMBL3706341
CHEMBL5877828,NC(=O)[C@@H](Nc1cc2c3c(c1)nc(-c1ccc(OC(F)F)cc1)n3CCCO2)C1CC1,6.31,CHEMBL5731104
CHEMBL3698295,Cc1c(-c2ccccn2)nc2cc(F)ccc2c1N1CC(C)(C)c2ncc(C(N)=O)cc21,6.31,CHEMBL3705734
CHEMBL1796758,CN(C(=O)c1cc2c(s1)-c1ccccc1OCC2)c1ccncc1Cl,6.33,CHEMBL1798651
CHEMBL3646448,CC(=O)Nc1ccc(Nc2ncccc2-c2nc(C)nc3[nH]cnc23)cc1,6.33,CHEMBL3706341
CHEMBL3649444,O=c1n(Cc2ccccc2)ccc2ncc(-c3cnc(Cl)c(NS(=O)(=O)c4ccc(F)cc4)c3)n12,6.33,CHEMBL3705286
CHEMBL3646497,COc1cc(Nc2ncccc2-c2nc(C)nc(N)n2)ccc1F,6.34,CHEMBL3706341
CHEMBL3646504,Cc1cncc(Nc2ncccc2-c2nc(C)nc(N)n2)c1,6.34,CHEMBL3706341
CHEMBL2171928,Cc1cc(-c2ccc3c(c2)N(c2c(C)c(-c4ccccn4)nc4cc(F)ccc24)CC3(C)C)nc(N)n1,6.35,CHEMBL3705734
CHEMBL2171921,Cc1nc2ccccc2c(N2CC3(CCOCC3)c3ccc(N4CCOCC4)cc32)c1C,6.35,CHEMBL3705734
CHEMBL3646540,COc1ccc(Nc2ncc(CN3CC(N)C3)cc2-c2nc(C)nc(N)n2)cn1,6.35,CHEMBL3706341
CHEMBL3646551,Cc1nc(N)nc(-c2cccnc2Nc2ccc(F)c(F)c2)n1,6.36,CHEMBL3706341
CHEMBL3698313,CC1(C)CN(c2c(C#N)c(-c3ccccn3)nc3cc(F)ccc23)c2cc(N3CCOCC3)cnc21,6.36,CHEMBL3705734
CHEMBL3646558,Cc1nc(N)nc(-c2cc(Cl)cnc2Nc2cncc(F)c2)n1,6.37,CHEMBL3706341
CHEMBL3646516,COCCNc1nc(C)nc(-c2cc(Cl)cnc2Nc2cnc(OC)c(F)c2)n1,6.39,CHEMBL3706341
CHEMBL5849751,Cn1ncnc1-c1nc2cc(N[C@H](C(N)=O)C3CC3)cc3c2n1CCCO3,6.4,CHEMBL5731104
CHEMBL2165046,COc1ccc(Nc2ccccc2-c2nc(C)nc(N)n2)cn1,6.4,CHEMBL3706341
CHEMBL5949742,NC(=O)[C@@H](Nc1cc2c3c(c1)nc(N1CCCC(O)C1)n3CCCO2)C1CC1,6.4,CHEMBL5731104
CHEMBL3643936,COc1ccc(COCc2cnc(Nc3cccc4[nH]ccc34)c(-c3nc(C)nc4[nH]cnc34)c2)cc1,6.4,CHEMBL3706341
CHEMBL5818192,OCc1nc2cc(-c3nc4cc(Br)cc5c4n3CCCO5)ccc2o1,6.4,CHEMBL5731104
CHEMBL2418354,CCNC(=O)Nc1ccc(-c2nc(N3CCOC[C@@H]3C)c3nc(C(C)(C)O)n(C)c3n2)cc1,6.41,CHEMBL2421129
CHEMBL3649447,O=S(=O)(Nc1cc(-c2cnc3ncccn23)cnc1Cl)c1ccc(F)cc1,6.42,CHEMBL3705286
CHEMBL2418340,CCNC(=O)Nc1ccc(-c2nc(N3CCOC[C@@H]3C)c3ncn(CC)c3n2)cc1,6.42,CHEMBL2421129
CHEMBL3646625,COc1ncc(Nc2ncc(C(C)(C)C(=O)O)cc2-c2nc(C)nc(N)n2)cc1F,6.42,CHEMBL3706341
CHEMBL5779247,NC(=O)[C@@H](Nc1cc2c3c(c1)nc(-c1ccc(F)cc1F)n3CCCO2)C1CC1,6.42,CHEMBL5731104
CHEMBL3646566,CC(=O)Nc1ccc(Nc2ncc(CN3CCN(S(C)(=O)=O)CC3)cc2-c2nc(C)nc(N)n2)cc1F,6.43,CHEMBL3706341
CHEMBL2418337,CCNC(=O)Nc1ccc(-c2nc(N3CCOC[C@@H]3C)c3ncn(C)c3n2)cc1,6.43,CHEMBL2421129
CHEMBL2171932,Cc1nc2ccccc2c(N2CC(C)(C)c3ccc(N4CCOCC4)cc32)c1C,6.44,CHEMBL3705734
CHEMBL5839417,Cn1cc(-c2nc3cc(N[C@H](C(N)=O)C4CC4)cc4c3n2CCCO4)cn1,6.45,CHEMBL5731104
CHEMBL3646537,COc1ccc(Nc2ncc(CN[C@H](C)CO)cc2-c2nc(C)nc(N)n2)cn1,6.45,CHEMBL3706341
CHEMBL3646452,Cc1nc(N)cc(-c2cnccc2Nc2cccc3[nH]ncc23)n1,6.45,CHEMBL3706341
CHEMBL3646510,Cc1nc(-c2cccnc2Nc2ccc(NC(=O)C3CC3)cc2)c2nc[nH]c2n1,6.46,CHEMBL3706341
CHEMBL3698358,Cc1c(-c2ccccn2)nc2cc(F)ccc2c1N1CCOc2ccc(N3CCOCC3)cc21,6.46,CHEMBL3705734
CHEMBL5977647,COc1ccc(-c2nc3cc(N[C@H](C(N)=O)C4CC4)cc4c3n2CCCO4)c(F)c1,6.47,CHEMBL5731104
CHEMBL5944940,Cc1nc2nc(-c3nc4cc(Br)cc5c4n3CCCO5)ccc2o1,6.49,CHEMBL5731104
CHEMBL5755501,NC(=O)[C@@H](Nc1cc2c3c(c1)nc(-c1ccnc4[nH]cnc14)n3CCCO2)C1CC1,6.49,CHEMBL5731104
CHEMBL2165050,COc1ccc(Nc2nccnc2-c2nc(C)nc(N)n2)cn1,6.49,CHEMBL3706341
CHEMBL2206911,Cc1nc(N)nc(-c2cccnc2Nc2cnc(Cl)c(N)c2)n1,6.49,CHEMBL3706341
CHEMBL5777808,NC(=O)[C@@H](Nc1cc2c3c(c1)nc(-c1ccc4oc(=O)[nH]c4c1)n3CCCO2)C1CC1,6.5,CHEMBL5731104
CHEMBL5409346,Cc1ccc(O)cc1-c1nc(C(N)=O)c2[nH]c(=O)n(CCc3ccc(Cl)c(Cl)c3)c2n1,6.5,CHEMBL5327182
CHEMBL3701643,Cc1c(-c2ccccn2)nc2cc(F)ccc2c1N1CC2(CCOCC2)c2ncc(-c3cn[nH]c3)cc21,6.5,CHEMBL3705734
CHEMBL5935250,Cc1ccncc1-c1nc2cc(N[C@H](C(N)=O)C3CC3)cc3c2n1CCCO3,6.53,CHEMBL5731104
CHEMBL5897104,NC(=O)[C@@H](Nc1cc2c3c(c1)nc(-c1cnn(C4COC4)c1)n3CCCO2)C1CC1,6.54,CHEMBL5731104
CHEMBL5826663,C[C@H](Nc1cc2c3c(c1)nc(N1CCC[C@@H](CO)C1)n3CCCO2)C(N)=O,6.54,CHEMBL5731104
CHEMBL3649434,COc1cc(-c2cnc3ccc(N4C(=O)OC[C@@H]4Cc4ccccc4)cn23)cnc1OC,6.54,CHEMBL3705286
CHEMBL5396655,C[C@@H]1COCCN1c1nc(C2=CCOCC2)nc(-c2cnc(N)cc2C(F)F)n1,6.55,CHEMBL5321639
CHEMBL3646464,COc1ccc(Nc2nc(-c3ccncc3)ncc2-c2nc(C)nc(N)n2)cn1,6.55,CHEMBL3706341
CHEMBL2165028,COCCNCc1cnc(Nc2ccc(OC)nc2)c(-c2nc(C)nc(N)n2)c1,6.55,CHEMBL3706341
CHEMBL3649469,Cc1nc(N)nc(-c2cccnc2Nc2cnc(C)c(NS(C)(=O)=O)c2)n1,6.55,CHEMBL3706341
CHEMBL3646525,COc1ncc(Nc2nc(CN3CCOCC3)ccc2-c2nc(C)nc(N)n2)cc1F,6.56,CHEMBL3706341
CHEMBL2165012,COc1ccc(Nc2ncc(CN3CC[C@@H](CO)C3)cc2-c2nc(C)nc(N)n2)cn1,6.56,CHEMBL3706341
CHEMBL4755158,C[C@@H]1COCCN1c1nc(-c2cnc(N)cc2C(F)(F)F)nc2c1C[C@@H]1COCCN21,6.57,CHEMBL4732440
CHEMBL5774708,NC(=O)[C@@H](Nc1cc2c3c(c1)nc(-c1ccc4c(c1)OC(F)(F)O4)n3CCCO2)C1CC1,6.57,CHEMBL5731104
CHEMBL3646635,COc1cnc(Nc2cnc(Cl)c(N)c2)c(-c2nc(C)nc(N)n2)c1,6.57,CHEMBL3706341
CHEMBL3649433,COc1cc(-c2cnc3ccc(N4C(=O)OC[C@H]4Cc4ccccc4)cn23)cnc1OC,6.57,CHEMBL3705286
CHEMBL5916816,C[C@H](Nc1cc2c3c(c1)nc(-c1ccc(C#N)cn1)n3CCCO2)C(N)=O,6.58,CHEMBL5731104
CHEMBL2165008,COc1ccc(Nc2ncc(CN3CCCC3)cc2-c2nc(C)nc(N)n2)cn1,6.58,CHEMBL3706341
CHEMBL5986647,N#CC1CCCN(c2nc3cc(NC(C(N)=O)C4CC4)cc4c3n2CCCO4)C1,6.58,CHEMBL5731104
CHEMBL3646597,Cc1nc(N)cc(-c2nccnc2Nc2cnc(Cl)c(NS(C)(=O)=O)c2)n1,6.58,CHEMBL3706341
CHEMBL3646454,Cc1nc(-c2cnccc2Nc2cccc3[nH]ncc23)c2nc[nH]c2n1,6.58,CHEMBL3706341
CHEMBL5983495,Cn1nc(-c2nc3cc(N[C@H](C(N)=O)C4CC4)cc4c3n2CCCO4)ccc1=O,6.59,CHEMBL5731104
CHEMBL2165014,COc1ccc(Nc2ncc(CN3CCN(C)CC3)cc2-c2nc(C)nc(N)n2)cn1,6.59,CHEMBL3706341
CHEMBL3646455,COc1ccc(Nc2ccncc2-c2nc(C)nc3[nH]cnc23)cn1,6.6,CHEMBL3706341
CHEMBL4795990,Cc1nc(NC(=O)NCCc2cn(CC(F)F)cn2)sc1C#Cc1cccnc1,6.6,CHEMBL4679694
CHEMBL4525459,COc1nc(N)nc2c1c(-c1ccc3oc(N)nc3c1)nn2C(C)C,6.6,CHEMBL4410952
CHEMBL2165023,COc1ccc(Nc2ncc(Br)cc2-c2nc(C)nc(N)n2)cn1,6.61,CHEMBL3706341
CHEMBL5902708,NC(=O)[C@@H](Nc1cc2c3c(c1)nc(-c1cncnc1)n3CCCO2)C1CC1,6.62,CHEMBL5731104
CHEMBL2165024,COc1ccc(Nc2ncc(C)cc2-c2nc(C)nc(N)n2)cn1,6.62,CHEMBL3706341
CHEMBL2414294,CCc1nc2ccccc2n1-c1nc(N2CCOCC2)c2nc(C(=O)N3CCN(C(C)(C)C(N)=O)CC3)n(C)c2n1,6.63,CHEMBL2415717
CHEMBL3698287,Cc1c(-c2ccncc2)nc2cc(F)ccc2c1N1CC2(CCOCC2)c2ccc(N3CCOCC3)cc21,6.63,CHEMBL3705734
CHEMBL4741382,C[C@@H]1COCCN1c1nc(-c2cnc(N)cc2C(F)F)nc2c1C[C@@H]1COCCN21,6.63,CHEMBL4732440
CHEMBL5790643,NC(=O)[C@@H](Nc1cc2c3c(c1)nc(-c1ccnc4sccc14)n3CCCO2)C1CC1,6.63,CHEMBL5731104
CHEMBL570592,N#Cc1c(N2CCOCC2)sc(C(=O)O)c1-c1ccc(Cl)cc1,6.64,CHEMBL2020200
CHEMBL3698352,Cc1c(-c2cccc3ccccc23)nc2cc(F)cc(F)c2c1N1CC(C)(C)c2ncc(N3CCOCC3)cc21,6.64,CHEMBL3705734
CHEMBL3701678,Cc1c(-c2ccccn2)nc2cc(F)ccc2c1N1CC2(CCOCC2)c2nc(N)c(N3CCOCC3)cc21,6.66,CHEMBL3705734
CHEMBL5805531,NC(=O)[C@@H](Nc1cc2c3c(c1)nc(-c1ccnnc1)n3CCCO2)C1CC1,6.66,CHEMBL5731104
CHEMBL3646473,COc1ccc(Nc2ncc(CNC(C)(C)C)cc2-c2nc(C)nc3[nH]cnc23)cn1,6.66,CHEMBL3706341
CHEMBL6055857,NC(=O)[C@@H](Nc1cc2c3c(c1)nc(-c1ccc4ncncc4c1)n3CCCO2)C1CC1,6.67,CHEMBL5731104
CHEMBL3357876,COc1ncc(Nc2ncc(C(C)(C)O)cc2-c2nc(C)nc(N)n2)cc1C(F)(F)F,6.68,CHEMBL3706341
CHEMBL6030467,COC(=O)c1cc(-c2nc3cc(N[C@H](C(N)=O)C4CC4)cc4c3n2CCCO4)ccc1OC,6.69,CHEMBL5731104
CHEMBL5412958,NC(=O)c1nc(-c2cccc(O)c2)nc2c1[nH]c(=O)n2CCc1ccc(Cl)c(Cl)c1,6.7,CHEMBL5327182
CHEMBL2165011,COc1ccc(Nc2ncc(CN3CCC(O)CC3)cc2-c2nc(C)nc(N)n2)cn1,6.7,CHEMBL3706341
CHEMBL5410207,CC(Cc1ccc(Cl)c(Cl)c1)n1c(=O)[nH]c2c(C(N)=O)nc(-c3cccc(O)c3)nc21,6.7,CHEMBL5327182
CHEMBL2071327,CC(=O)Nc1nc(C)c(-c2ccc(S(C)(=O)=O)cc2)s1,6.7,CHEMBL2072997
CHEMBL3698315,COc1cc2nc(C)c(C)c(N3CC(C)(C)c4ccc(N5CCOCC5)cc43)c2cc1Cl,6.71,CHEMBL3705734
CHEMBL3698353,Cc1c(-c2ccc3c(ccn3C)c2)nc2cc(F)cc(F)c2c1N1CC(C)(C)c2ncc(N3CCOCC3)cc21,6.71,CHEMBL3705734
CHEMBL5889658,CC(C)(C(N)=O)n1cc(-c2nc3cc(N[C@H](C(N)=O)C4CC4)cc4c3n2CCCO4)cn1,6.71,CHEMBL5731104
CHEMBL3698349,Cc1c(-c2ccccc2F)nc2cc(F)ccc2c1N1CC(C)(C)c2ccc(N3CCOCC3)cc21,6.71,CHEMBL3705734
CHEMBL5758150,NC(=O)[C@@H](Nc1cc2c3c(c1)nc(-c1ccnc4c1OCO4)n3CCCO2)C1CC1,6.71,CHEMBL5731104
CHEMBL3358285,Cc1nc(N)nc(-c2cc(C(C)(C)O)cnc2Nc2cncc(S(C)(=O)=O)c2)n1,6.72,CHEMBL3706341
CHEMBL2418353,CCNC(=O)Nc1ccc(-c2nc(N3CCOC[C@@H]3C)c3nc(C(C)(C)O)n(CCO)c3n2)cc1,6.72,CHEMBL2421129
CHEMBL3643921,Cc1cnc(Nc2cccnc2)c(-c2nc(C)nc(N)n2)c1,6.72,CHEMBL3706341
CHEMBL2071334,CC(=O)Nc1nc(C)c(-c2ccc(C(C)=O)cc2)s1,6.72,CHEMBL2072997
CHEMBL5830286,NC(=O)[C@@H](Nc1cc2c3c(c1)nc(-c1cccc(OC(F)F)c1)n3CCCO2)C1CC1,6.73,CHEMBL5731104
CHEMBL1668268,Cc1nc(N)c2cc(CN(C)C)cc(C(=O)Nc3ccn[nH]3)c2n1,6.73,CHEMBL1670738
CHEMBL2071335,Cc1nc(NC(=O)N2CCC[C@H]2C(N)=O)sc1-c1ccc(S(C)(=O)=O)cc1,6.73,CHEMBL2072997
CHEMBL2165268,Cc1nc(N)nc(-c2cccnc2Nc2cccc3[nH]ccc23)n1,6.73,CHEMBL3706341
CHEMBL3646441,CCNc1cnc(Nc2ccc(OC)nc2)c(-c2nc(C)nc3[nH]cnc23)c1,6.74,CHEMBL3706341
CHEMBL2165038,Cc1nc(-c2cccnc2Nc2cccc3[nH]ccc23)c2[nH]cnc2n1,6.74,CHEMBL3706341
CHEMBL3646495,Cc1nc(N)nc(-c2cccnc2Nc2ccc3oc(C)nc3c2)n1,6.75,CHEMBL3706341
CHEMBL3646527,Cc1ccc(-c2nc(C)nc(N)n2)c(Nc2cncc(F)c2)n1,6.75,CHEMBL3706341
CHEMBL3646496,COc1ccc(Nc2ncccc2-c2nc(C)nc(N)n2)cc1F,6.75,CHEMBL3706341
CHEMBL2017651,N#Cc1c(N2CCOCC2)sc(-c2cn[nH]c2)c1-c1ccc(Cl)cc1,6.76,CHEMBL2020200
CHEMBL5219367,Nc1ncc(-c2nc(N3CCOCC3)nc3c2C[C@H]2COCCN32)cn1,6.78,CHEMBL5730841
CHEMBL3646548,Cc1nc(N)nc(-c2cc(CN3CCN(S(C)(=O)=O)CC3)cnc2Nc2cn[nH]c2)n1,6.79,CHEMBL3706341
CHEMBL5851193,C[C@H](Nc1cc2c3c(c1)nc(-c1ccccn1)n3CCCO2)C(N)=O,6.8,CHEMBL5731104
CHEMBL2165034,COc1ccc(Nc2ncc(CN3CCC3)cc2-c2nc(C)nc(N)n2)cn1,6.8,CHEMBL3706341
CHEMBL2414295,CCc1nc2ccccc2n1-c1nc(N2CCOCC2)c2sc(C(=O)N3CCN(C(C)(C)C(N)=O)CC3)c(C)c2n1,6.8,CHEMBL2415717
CHEMBL5810951,COc1ccc(-c2nc3cc(N[C@H](C(N)=O)C4CC4)cc4c3n2CCCO4)cc1C(N)=O,6.8,CHEMBL5731104
CHEMBL3643931,Cc1nc(N)nc(-c2cccnc2Nc2ccc(Cl)nc2)n1,6.8,CHEMBL3706341
CHEMBL5420950,NC(=O)c1nc(-c2cccc(O)c2)nc2c1[nH]c(=O)n2C1CC1c1ccccc1,6.8,CHEMBL5327182
CHEMBL3698301,Cc1c(-c2cccc(=O)[nH]2)nc2cc(F)ccc2c1N1CC2(CCOCC2)c2ccc(N3CCOCC3)cc21,6.81,CHEMBL3705734
CHEMBL3701690,Cc1c(C2CC2)nc2ncccc2c1N1CC(C)(C)c2ncc(N3CCOCC3)cc21,6.81,CHEMBL3705734
CHEMBL3646565,CC(=O)Nc1ccc(Nc2ncc(Cl)cc2-c2nc(C)nc(N)n2)cc1F,6.81,CHEMBL3706341
CHEMBL5805367,NC(=O)[C@@H](Nc1cc2c3c(c1)nc(N1CCc4nccnc4C1)n3CCCO2)C1CC1,6.81,CHEMBL5731104
CHEMBL3698285,Cc1c(-c2cccc(C#N)c2)nc2cc(F)ccc2c1N1CC(C)(C)c2ccc(N3CCOCC3)cc21,6.81,CHEMBL3705734
CHEMBL2171919,Cc1c(-c2ccccn2)nc2cccc(F)c2c1N1CC(C)(C)c2ccc(N3CCOCC3)cc21,6.81,CHEMBL3705734
CHEMBL3698329,Cc1nc2ccc(Cl)cc2c(-n2ccc3c(C#N)cc(N4CCOCC4)cc32)c1C,6.82,CHEMBL3705734
CHEMBL4529672,CC(C)n1nc(-c2ccc3oc(N)nc3c2)c2c(N)nc(N)nc21,6.82,CHEMBL4410952
CHEMBL1986603,Cc1cc(NC(=O)CCNC(=O)Nc2nc(C)c(-c3ccc(-n4cccn4)cc3)s2)no1,6.82,CHEMBL2072997
CHEMBL3545097,CC(C)n1nc(-c2ccc3oc(N)nc3c2)c2c(N)ncnc21,6.82,CHEMBL5533376
CHEMBL3649467,Cc1nc(N)cc(-c2cccnc2Nc2cnc(Cl)c(NS(=O)(=O)N(C)C)c2)n1,6.82,CHEMBL3706341
CHEMBL2165009,COc1ccc(Nc2ncc(CN3CCCCC3)cc2-c2nc(C)nc(N)n2)cn1,6.82,CHEMBL3706341
CHEMBL3646521,COC(=O)Nc1ccc(Nc2ncc(Cl)cc2-c2nc(C)nc(N)n2)cn1,6.82,CHEMBL3706341
CHEMBL3646529,COc1ccc(Nc2ncc(CN3CC[S+]([O-])CC3)cc2-c2nc(C)nc(N)n2)cn1,6.83,CHEMBL3706341
CHEMBL5878029,NC(=O)[C@@H](Nc1cc2c3c(c1)nc(-c1cn[nH]c1)n3CCCO2)C1CC1,6.83,CHEMBL5731104
CHEMBL3618232,CCOc1ccc(Nc2nc3ccccn3c2-c2nc(C)nc(N)n2)cn1,6.83,CHEMBL3620380
CHEMBL3646466,COc1ccc(Nc2nc(NC3CCCC3)ncc2-c2nc(C)nc(N)n2)cn1,6.84,CHEMBL3706341
CHEMBL4277247,C[C@@H]1COC[C@H](C)N1c1nc(-c2cnc(N)cc2C(F)F)nc(N2[C@H](C)COC[C@@H]2C)n1,6.85,CHEMBL4276427
CHEMBL5839728,Cn1cc(-c2nc3cc(N[C@H](C(N)=O)C4CC4)cc4c3n2CCCO4)ccc1=O,6.86,CHEMBL5731104
CHEMBL5866062,NC(=O)[C@@H]1CCCN1c1cc2c3c(c1)nc(-c1ccc4c(=O)[nH]oc4c1)n3CCCO2,6.86,CHEMBL5731104
CHEMBL3646536,COc1ccc(Nc2ncc(CNCCO)cc2-c2nc(C)nc(N)n2)cn1,6.87,CHEMBL3706341
CHEMBL3356900,CCCn1cnc(CCNC(=O)Nc2nc3ccc(-c4cncc(OC)c4)cc3s2)c1,6.88,CHEMBL3363928
CHEMBL2170094,Cc1nc(N)nc(-c2cc(CN3CCN(S(C)(=O)=O)CC3)cnc2Nc2ccc(C(F)(F)F)nc2)n1,6.89,CHEMBL3706341
CHEMBL2165271,Cc1nc(N)cc(-c2cccnc2Nc2cccc3[nH]ncc23)n1,6.89,CHEMBL3706341
CHEMBL4291199,COC(OC)c1cc(N)ncc1-c1nc(N2CCOCC2)nc(N2CCOCC2)n1,6.89,CHEMBL4276427
CHEMBL3643926,Cc1cnc(Nc2cccc3[nH]ccc23)c(-c2nc(C)nc(N)n2)c1,6.89,CHEMBL3706341
CHEMBL5784502,C[C@H](Nc1cc2c3c(c1)nc(-c1ccccc1)n3CCCO2)C(N)=O,6.89,CHEMBL5731104
CHEMBL3649423,Cc1nc2ccccn2c1-c1cnc(Cl)c(NS(=O)(=O)c2ccc(F)cc2)c1,6.9,CHEMBL3705286
CHEMBL3698305,Cc1c(-c2cccc(S(C)(=O)=O)c2)nc2cc(F)ccc2c1N1CC2(CCOCC2)c2ccc(N3CCOCC3)cc21,6.9,CHEMBL3705734
CHEMBL5425386,NC(=O)c1nc(-c2cccc(O)c2)nc2c1[nH]c(=O)n2C1CCN(Cc2ccccc2)C1,6.9,CHEMBL5327182
CHEMBL5426911,NC(=O)c1nc(-c2cccc(O)c2)nc2c1[nH]c(=O)n2-c1cccs1,6.9,CHEMBL5327182
CHEMBL5426327,Nc1cc(C(F)F)c(-c2nc(C3=CCOCC3)nc(N3C4CCC3COC4)n2)cn1,6.9,CHEMBL5321639
CHEMBL3646508,Cc1nc(N)cc(-c2nc3ccccc3nc2Nc2cccc3[nH]ncc23)n1,6.91,CHEMBL3706341
CHEMBL3646608,COc1ccc(Nc2ncc(C(C)(O)C(F)(F)F)cc2-c2nc(C)nc(N)n2)cn1,6.91,CHEMBL3706341
CHEMBL2071330,CC(=O)Nc1nc(C)c(-c2ccc(S(C)(=O)=O)c(F)c2)s1,6.91,CHEMBL2072997
CHEMBL3646474,COc1ccc(Nc2ncc(CNC(C)C)cc2-c2nc(C)nc3[nH]cnc23)cn1,6.92,CHEMBL3706341
CHEMBL5922154,NC(=O)[C@@H](Nc1cc2c3c(c1)nc(N1CCn4ncnc4C1)n3CCCO2)C1CC1,6.92,CHEMBL5731104
CHEMBL1822208,Nc1nc2ccc(-c3cnc(Cl)c(NS(=O)(=O)c4ccc(F)cc4)c3)cc2[nH]1,6.92,CHEMBL1828259
CHEMBL3643934,Cc1nc(-c2cc(C(F)(F)F)cnc2Nc2cccc3[nH]ncc23)c2nc[nH]c2n1,6.92,CHEMBL3706341
CHEMBL3698333,Cc1nc2c(C)cccc2c(N2CC3(CCOCC3)c3ccc(N4CCOCC4)cc32)c1C,6.92,CHEMBL3705734
CHEMBL3646458,COc1ccc(Nc2nc(N)ncc2-c2nc(C)nc(N)n2)cn1,6.95,CHEMBL3706341
CHEMBL3356899,CCn1cnc(CCNC(=O)Nc2nc3ccc(-c4cncc(OC)c4)cc3s2)c1,6.95,CHEMBL3363928
CHEMBL2171939,CCc1nc2ccccc2n1-c1nc(N2CCOCC2)c2nc(CN3CCN(C(C)(C)C(N)=O)CC3)n(C)c2n1,6.96,CHEMBL2415717
CHEMBL3698337,CC1(C)CN(c2c3c(nc4ccc(Cl)cc24)C(C)(C)CC3)c2cc(N3CCOCC3)ccc21,6.96,CHEMBL3705734
CHEMBL2071326,CC(=O)Nc1nc(C)c(-c2ccc(S(N)(=O)=O)cc2)s1,6.96,CHEMBL2072997
CHEMBL3646591,CCC(N)(CC)c1cnc(Nc2cnc(OC)c(F)c2)c(-c2nc(C)nc(N)n2)c1,6.96,CHEMBL3706341
CHEMBL2071340,Cc1cc(NC(=O)CCNC(=O)Nc2nc(C)c(-c3ccc(S(C)(=O)=O)c(F)c3)s2)no1,6.96,CHEMBL2072997
CHEMBL2165269,COc1ccc(Nc2ncccc2-c2nc(C)nc(N)n2)cn1,6.97,CHEMBL3706341
CHEMBL3646443,COc1ccc(Nc2ncc(N3CCOCC3)cc2-c2nc(C)nc3[nH]cnc23)cn1,6.97,CHEMBL3706341
CHEMBL5807226,NC(=O)[C@@H](Nc1cc2c3c(c1)nc(-c1ccncc1)n3CCCO2)C1CC1,6.97,CHEMBL5731104
CHEMBL2165010,COc1ccc(Nc2ncc(CN3CCOCC3)cc2-c2nc(C)nc(N)n2)cn1,6.98,CHEMBL3706341
CHEMBL3646440,COCCNc1cnc(Nc2ccc(OC)nc2)c(-c2nc(C)nc3[nH]cnc23)c1,6.98,CHEMBL3706341
CHEMBL6017162,NC(=O)c1ccc(-c2nc3cc(N[C@H](C(N)=O)C4CC4)cc4c3n2CCCO4)cn1,6.98,CHEMBL5731104
CHEMBL3356898,COc1cncc(-c2ccc3nc(NC(=O)NCCc4cn(C)cn4)sc3c2)c1,6.98,CHEMBL3363928
CHEMBL3646577,COc1ccc(Nc2ncc(C(C)=O)nc2-c2cc(N)nc(C)n2)cn1,6.99,CHEMBL3706341
CHEMBL5853400,NC(=O)[C@@H](Nc1cc2c3c(c1)nc(-c1ncco1)n3CCCO2)C1CC1,6.99,CHEMBL5731104
CHEMBL3646567,CC(=O)Nc1ccc(Nc2ncc(CN3CCN(S(C)(=O)=O)CC3)cc2-c2nc(C)nc(N)n2)cc1,6.99,CHEMBL3706341
CHEMBL3646463,COc1ccc(Nc2nc(N3CCCCC3)ncc2-c2nc(C)nc(N)n2)cn1,6.99,CHEMBL3706341
CHEMBL1668263,COc1ccc(NC(=O)c2c(C)ccc3c(N)nc(C)nc23)cn1,7.0,CHEMBL1670738
CHEMBL1668273,Cc1nc(N)c2ccc(C)c(C(=O)Nc3ccc(N(C)C)nc3)c2n1,7.0,CHEMBL1670738
CHEMBL1668278,Cc1nc(N)c2ccc(C)c(C(=O)Nc3cn[nH]c3)c2n1,7.0,CHEMBL1670738
CHEMBL3646469,Cc1nc(N)nc(-c2cc(CN3CCOCC3)cnc2Nc2ccc3scnc3c2)n1,7.0,CHEMBL3706341
CHEMBL5405376,NC(=O)c1nc(-c2cccc(O)c2)nc2c1[nH]c(=O)n2CC1CCS(=O)(=O)C1,7.0,CHEMBL5327182
CHEMBL3646460,COc1ccc(Nc2nc(N3CCOCC3)ncc2-c2nc(C)nc(N)n2)cn1,7.01,CHEMBL3706341
CHEMBL3646431,COc1ccc(Nc2ncc(CN3CCNCC3)cc2-c2nc(C)nc3[nH]cnc23)cn1,7.01,CHEMBL3706341
CHEMBL3646456,Cc1nc(N)cc(-c2nccnc2Nc2cccc3[nH]ncc23)n1,7.01,CHEMBL3706341
CHEMBL3646616,COc1ncc(Nc2ncc(CN3CCOCC3)cc2-c2nc(C)nc(N)n2)cc1NS(C)(=O)=O,7.01,CHEMBL3706341
CHEMBL3698293,Cc1c(-c2ccccn2)nc2cc(F)ccc2c1N1CC(C)(C)c2ncc(-c3cn[nH]c3)cc21,7.02,CHEMBL3705734
CHEMBL3698286,Cc1c(-c2ccccn2)nc2c(F)cccc2c1N1CC(C)(C)c2ccc(N3CCOCC3)cc21,7.03,CHEMBL3705734
CHEMBL3646534,COc1ccc(Nc2ncc(CN3CCOC[C@@H]3C)cc2-c2nc(C)nc(N)n2)cn1,7.03,CHEMBL3706341
CHEMBL3646528,COc1ccc(Nc2ncc(CN3CCSCC3)cc2-c2nc(C)nc(N)n2)cn1,7.03,CHEMBL3706341
CHEMBL3701680,Cc1c(-c2ccccn2)nc2cc(F)ccc2c1N1CC2(CCOCC2)c2nc(Cl)c(N3CCOCC3)cc21,7.03,CHEMBL3705734
CHEMBL2171922,Cc1c(-c2ccccc2)nc2ccccc2c1N1CC2(CCOCC2)c2ccc(N3CCOCC3)cc21,7.04,CHEMBL3705734
CHEMBL3698360,Cc1c(/C=C/c2ccccc2)nc2cc(F)cc(F)c2c1N1CC(C)(C)c2ncc(N3CCOCC3)cc21,7.05,CHEMBL3705734
CHEMBL4569896,C[C@@H]1COC[C@@H](C)N1c1nc(-c2cnc(N)cc2C(F)(F)F)nc(N2CCOCC2)n1,7.05,CHEMBL4360966
CHEMBL5776602,CS(=O)(=O)c1cc(-c2nc3cc(N[C@H](C(N)=O)C4CC4)cc4c3n2CCCO4)ccn1,7.06,CHEMBL5731104
CHEMBL3646610,COc1ccc(Nc2ncc([C@@H](O)C(F)(F)F)cc2-c2nc(C)nc(N)n2)cn1,7.07,CHEMBL3706341
CHEMBL2206919,Cc1nc(N)nc(-c2cc(Cl)cnc2Nc2cnc(C)c(NS(C)(=O)=O)c2)n1,7.07,CHEMBL3706341
CHEMBL4461815,CCc1nc(N)nc2c1c(-c1ccc3oc(N)nc3c1)nn2C(C)C,7.07,CHEMBL4410952
CHEMBL2171934,Cc1c(-c2ccccc2)nc2ccccc2c1N1CC(C)(C)c2ccc(N3CCOCC3)cc21,7.07,CHEMBL3705734
CHEMBL5757789,NC(=O)[C@@H]1CCCN1c1cc2c3c(c1)nc(-c1ccc(N4CCNC4=O)cc1)n3CCCO2,7.08,CHEMBL5731104
CHEMBL3643938,C=Cc1cnc(Nc2ccc(OC)nc2)c(-c2nc(C)nc3[nH]cnc23)c1,7.08,CHEMBL3706341
CHEMBL4290312,Nc1cc(CO)c(-c2nc(N3CCOCC3)nc(N3CCOCC3)n2)cn1,7.09,CHEMBL4276427
CHEMBL5771463,NC(=O)c1ccc(-c2nc3cc(N[C@H](C(N)=O)C4CC4)cc4c3n2CCCO4)cc1F,7.09,CHEMBL5731104
CHEMBL2171925,Cc1c(-c2ccccn2)nc2cc(F)ccc2c1N1CC(CO)(CO)c2ccc(N3CCOCC3)cc21,7.09,CHEMBL3705734
CHEMBL3646560,COCCOc1ccc(-c2nc(C)nc(N)n2)c(Nc2cnc(OC)c(F)c2)n1,7.09,CHEMBL3706341
CHEMBL3646520,CC(=O)Nc1ccc(Nc2ncc(Cl)cc2-c2nc(C)nc(N)n2)cn1,7.1,CHEMBL3706341
CHEMBL3646444,COc1ccc(Nc2ncc(N3CCC(O)C3)cc2-c2nc(C)nc3[nH]cnc23)cn1,7.1,CHEMBL3706341
CHEMBL5432314,NC(=O)c1nc(-c2cccc(O)c2)nc2c1[nH]c(=O)n2-c1ccc(F)cc1,7.1,CHEMBL5327182
CHEMBL5396108,NC(=O)c1nc(-c2cccc(O)c2)nc2c1[nH]c(=O)n2CCc1ccc2c(c1)OCO2,7.1,CHEMBL5327182
CHEMBL6008185,NC(=O)[C@@H](Nc1cc2c3c(c1)nc(-c1ccc4[nH]c(=O)oc4c1)n3CCCO2)C1CC1,7.11,CHEMBL5731104
CHEMBL3639453,COc1ccc(CNc2cnc(Nc3ccc(OC)nc3)c(-c3nc(C)nc4[nH]cnc34)c2)cc1,7.11,CHEMBL3706341
CHEMBL1822214,O=S(=O)(Nc1cc(-c2ccc3sncc3c2)cnc1Cl)c1ccc(F)cc1,7.12,CHEMBL1828259
CHEMBL3646626,COc1ncc(Nc2ncc(C(O)C(C)(C)O)cc2-c2nc(C)nc(N)n2)cc1F,7.12,CHEMBL3706341
CHEMBL5837746,NC(=O)[C@@H](Nc1cc2c3c(c1)nc(-c1cncs1)n3CCCO2)C1CC1,7.12,CHEMBL5731104
CHEMBL3698314,Cc1c(N2CCCCC2)nc2cc(F)cc(F)c2c1N1CC(C)(C)c2ccc(N3CCOCC3)cc21,7.13,CHEMBL3705734
CHEMBL5838824,COc1ncc(-c2nc3cc(N[C@H](C(N)=O)C4CC4)cc4c3n2CCCO4)cn1,7.13,CHEMBL5731104
CHEMBL3646590,COc1ncc(Nc2ncc(C3(N)CC3)cc2-c2nc(C)nc(N)n2)cc1F,7.13,CHEMBL3706341
CHEMBL5851198,NC(=O)[C@@H]1CCCN1c1cc2c3c(c1)nc(-c1ccc(-c4cn[nH]c4)nc1)n3CCCO2,7.13,CHEMBL5731104
CHEMBL3698330,Cc1nc2ccc(Cl)cc2c(N2CC3(CCOCC3)c3ccc(N4CCOCC4)cc32)c1C,7.14,CHEMBL3705734
CHEMBL3356896,COc1cncc(-c2ccc3nc(NC(=O)NCCC(=O)NCC(F)(F)F)sc3c2)c1,7.14,CHEMBL3363928
CHEMBL3649468,COCCOc1cnc(Nc2cnc(C)c(NS(C)(=O)=O)c2)c(-c2nc(C)nc(N)n2)c1,7.15,CHEMBL3706341
CHEMBL3640005,Cc1c(-c2ccccn2)nc2cc(F)ccc2c1N1CC(C)(C)c2nc(Cl)c(N3CCOCC3)cc21,7.16,CHEMBL3705734
CHEMBL4282438,Nc1cc(CF)c(-c2nc(N3CCOCC3)nc(N3CCOCC3)n2)cn1,7.16,CHEMBL4276427
CHEMBL3646562,Cc1nc(N)nc(-c2cc(CN3CCNCC3)cnc2Nc2ccc3[nH]cnc3c2)n1,7.16,CHEMBL3706341
CHEMBL3646614,COc1ncc(Nc2ncc(C(C)N)cc2-c2nc(C)nc(N)n2)cc1F,7.16,CHEMBL3706341
CHEMBL3698304,COc1cccc(-c2nc3cc(F)ccc3c(N3CC4(CCOCC4)c4ccc(N5CCOCC5)cc43)c2C)n1,7.16,CHEMBL3705734
CHEMBL2165022,COc1ccc(Nc2ncc(Cl)cc2-c2nc(C)nc(N)n2)cn1,7.16,CHEMBL3706341
CHEMBL1822209,O=S(=O)(Nc1cc(-c2ccc3nc[nH]c3c2)cnc1Cl)c1ccc(F)cc1,7.17,CHEMBL1828259
CHEMBL3646539,COc1ccc(Nc2ncc(CN3CC4(C3)NC(=O)NC4=O)cc2-c2nc(C)nc(N)n2)cn1,7.17,CHEMBL3706341
CHEMBL3646556,COc1ccc(Nc2nc(-c3cccnc3)ccc2-c2nc(C)nc(N)n2)cn1,7.17,CHEMBL3706341
CHEMBL3646613,Cc1nc(N)nc(-c2cc(CN3CCN(S(C)(=O)=O)CC3)cnc2Nc2ccc3ccncc3c2)n1,7.17,CHEMBL3706341
CHEMBL3646526,COc1ncc(Nc2nc(COCC(F)(F)F)ccc2-c2nc(C)nc(N)n2)cc1F,7.17,CHEMBL3706341
CHEMBL3646533,COc1ccc(Nc2ncc(N3CC[C@@H](O)C3)cc2-c2nc(C)nc3[nH]cnc23)cn1,7.17,CHEMBL3706341
CHEMBL5406219,C[C@@H]1COC[C@H](C)N1c1nc(-c2cnc(N)cc2C(F)F)nc(C2CCOCC2)n1,7.17,CHEMBL5321639
CHEMBL3356901,COc1cncc(-c2ccc3nc(NC(=O)NCCc4cncn4C)sc3c2)c1,7.17,CHEMBL3363928
CHEMBL3701657,Cc1c(-c2ccccn2)nc2ncccc2c1N1CC2(CCOCC2)c2ncc(N3CCOCC3)cc21,7.18,CHEMBL3705734
CHEMBL3646486,COc1ccc(Nc2ncc(C(=O)N3CCOCC3)cc2-c2nc(C)nc(N)n2)cn1,7.19,CHEMBL3706341
CHEMBL3701671,Cc1c(N2CCN(S(C)(=O)=O)CC2)nc2cc(F)cc(F)c2c1N1CC2(CCOCC2)c2ncc(N3CCOCC3)cc21,7.19,CHEMBL3705734
CHEMBL4285600,C[C@H]1COC[C@H](C)N1c1nc(-c2cnc(N)cc2C(F)F)nc(N2[C@@H](C)COC[C@@H]2C)n1,7.19,CHEMBL4276427
CHEMBL1796759,CN(C(=O)c1cc2c(s1)-c1ccc(-c3cn[nH]c3)cc1OCC2)c1ccncc1Cl,7.19,CHEMBL1798651
CHEMBL2165006,COc1ccc(Nc2ncc(Cc3ccccc3)cc2-c2nc(C)nc(N)n2)cn1,7.19,CHEMBL3706341
CHEMBL2165026,COc1ccc(Nc2ncc(CO)cc2-c2nc(C)nc(N)n2)cn1,7.2,CHEMBL3706341
CHEMBL3646505,COc1ncc(Nc2nc(-c3ccncc3)ccc2-c2nc(C)nc(N)n2)cc1F,7.2,CHEMBL3706341
CHEMBL2165039,COc1ccc(Nc2ncccc2-c2nc(C)nc3nc[nH]c23)cn1,7.21,CHEMBL3706341
CHEMBL3643935,COc1ncc(Nc2ncccc2-c2nc(C)nc3[nH]cnc23)cn1,7.21,CHEMBL3706341
CHEMBL3646589,COc1ncc(Nc2ncc(C(C)NC(C)C)cc2-c2nc(C)nc(N)n2)cc1F,7.21,CHEMBL3706341
CHEMBL2165013,COc1ccc(Nc2ncc(CN3CCNCC3)cc2-c2nc(C)nc(N)n2)cn1,7.21,CHEMBL3706341
CHEMBL3646581,Cc1nc(N)nc(-c2cc(C(C)N3CCN(C(=O)N(C)C)CC3)cnc2Nc2ccc3scnc3c2)n1,7.22,CHEMBL3706341
CHEMBL3646503,COc1ncc(Nc2ncccc2-c2nc(C)nc(N)n2)cc1Cl,7.22,CHEMBL3706341
CHEMBL3646554,COc1ccc(Nc2ncc(-c3ccnnc3)cc2-c2nc(C)nc(N)n2)cn1,7.22,CHEMBL3706341
CHEMBL5874723,NC(=O)[C@@H](Nc1cc2c3c(c1)nc(-c1cnc4c(c1)OCCO4)n3CCCO2)C1CC1,7.23,CHEMBL5731104
CHEMBL3646538,COc1ccc(Nc2ncc(CN3CC(O)C3)cc2-c2nc(C)nc(N)n2)cn1,7.23,CHEMBL3706341
CHEMBL3649471,C=Cc1cnc(Nc2cnc(Cl)c(NS(C)(=O)=O)c2)c(-c2cc(N)nc(C)n2)c1,7.23,CHEMBL3706341
CHEMBL3646627,COc1ncc(Nc2ncc(C(C)O)cc2-c2nc(C)nc(N)n2)cc1F,7.23,CHEMBL3706341
CHEMBL3646611,COc1ccc(Nc2ncc(C(N)C(F)(F)F)cc2-c2nc(C)nc(N)n2)cn1,7.23,CHEMBL3706341
CHEMBL2165021,COc1ccc(Nc2nccnc2-c2cc(N)nc(C)n2)cn1,7.23,CHEMBL3706341
CHEMBL3358286,Cc1nc(N)nc(-c2cc(C(C)(C)O)cnc2Nc2cncc(S(=O)(=O)c3ccccc3)c2)n1,7.24,CHEMBL3706341
CHEMBL3646438,COc1ccc(Nc2ncc(NCc3ccccc3)cc2-c2nc(C)nc3[nH]cnc23)cn1,7.24,CHEMBL3706341
CHEMBL3698292,COCCN(C)c1cnc2c(c1)N(c1c(C)c(-c3ccccn3)nc3cc(F)ccc13)CC2(C)C,7.25,CHEMBL3705734
CHEMBL3356894,COc1cncc(-c2ccc3nc(NC(=O)NCCCN(C)C)sc3c2)c1,7.25,CHEMBL3363928
CHEMBL5431144,Nc1cc(C(F)(F)F)c(-c2nc(C3CCOCC3)nc(N3CCOCC3)n2)cn1,7.25,CHEMBL5321639
CHEMBL3646570,COc1ccc(Nc2ncc(C(C)(C)N)cc2-c2nc(C)nc(N)n2)cn1,7.25,CHEMBL3706341
CHEMBL2165025,COc1cnc(Nc2ccc(OC)nc2)c(-c2nc(C)nc(N)n2)c1,7.26,CHEMBL3706341
CHEMBL3646615,COCCOc1cnc(Nc2cnc(OC)c(NS(C)(=O)=O)c2)c(-c2nc(C)nc(N)n2)c1,7.26,CHEMBL3706341
CHEMBL4744965,C[C@@H]1COCCN1c1nc(-c2cnc(N)nc2C(F)(F)F)nc2c1C[C@@H]1COCCN21,7.26,CHEMBL4732440
CHEMBL3643925,Cc1nc(N)nc(-c2cc(CN3CCN(S(C)(=O)=O)CC3)cnc2Nc2ccc3ncoc3c2)n1,7.26,CHEMBL3706341
CHEMBL3646475,COc1ccc(Nc2ncc(CNCc3ccccn3)cc2-c2nc(C)nc3[nH]cnc23)cn1,7.27,CHEMBL3706341
CHEMBL4516675,C[C@@H]1COCCN1c1nc(-c2cnc(N)cc2C(F)(F)F)nc(N2CCOCC2)n1,7.27,CHEMBL4360966
CHEMBL3618235,Cc1nc(N)nc(-c2c(Nc3ccc4ccncc4c3)nc3ccccn23)n1,7.27,CHEMBL3620380
CHEMBL1668272,Cc1nc(N)c2cccc(C(=O)Nc3ccc(N(C)C)nc3)c2n1,7.27,CHEMBL1670738
CHEMBL5426885,C[C@@H]1COC[C@H](C)N1c1nc(C2=CCOCC2)nc(-c2cnc(N)cc2C(F)F)n1,7.28,CHEMBL5321639
CHEMBL3701688,Cc1ccnc(-c2nc3cnccc3c(N3CC(C)(C)c4ncc(N5CCOCC5)cc43)c2C)c1,7.28,CHEMBL3705734
CHEMBL3646523,CC(=O)Nc1ccc(Nc2ncc(CN3CCN(S(C)(=O)=O)CC3)cc2-c2nc(C)nc(N)n2)cn1,7.28,CHEMBL3706341
CHEMBL5783845,NC(=O)c1cccc(-c2nc3cc(N[C@H](C(N)=O)C4CC4)cc4c3n2CCCO4)c1,7.28,CHEMBL5731104
CHEMBL3356893,CCNC(=O)Nc1nc2ccc(-c3cncc(OC)c3)cc2s1,7.28,CHEMBL3363928
CHEMBL1615188,CSc1nccc(-c2ccc3nc(NC(C)=O)sc3c2)n1,7.28,CHEMBL1775879
CHEMBL3646462,COc1ccc(Nc2nc(N3CCCC3)ncc2-c2nc(C)nc(N)n2)cn1,7.29,CHEMBL3706341
CHEMBL1822213,O=S(=O)(Nc1cc(-c2ccc3nncn3c2)cnc1Cl)c1ccc(F)cc1,7.29,CHEMBL1828259
CHEMBL5808097,Nc1nc2cc(-n3nc4cc(Br)cc5c4c3CCCO5)ccc2o1,7.29,CHEMBL5731104
CHEMBL3701683,Cc1ccnc(-c2nc3ncccc3c(N3CC(C)(C)c4nc(Cl)c(N5CCOCC5)cc43)c2C)c1,7.3,CHEMBL3705734
CHEMBL2071336,Cc1nc(NC(=O)N2CCC[C@H]2C(N)=O)sc1-c1ccc(S(C)(=O)=O)c(F)c1,7.3,CHEMBL2072997
CHEMBL3698341,Cc1nc2c(Cl)cccc2c(N2CC(C)(C)c3ccc(N4CCOCC4)cc32)c1C,7.3,CHEMBL3705734
CHEMBL3643933,Cc1nc(-c2cc(Br)cnc2Nc2cccc3[nH]ncc23)c2nc[nH]c2n1,7.3,CHEMBL3706341
CHEMBL3698288,Cc1c(-c2cccnc2)nc2cc(F)ccc2c1N1CC2(CCOCC2)c2ccc(N3CCOCC3)cc21,7.32,CHEMBL3705734
CHEMBL1950038,CNC(=O)c1ccc2c(c1)OCCc1cc(C(=O)N(C)c3cc(C(=O)N4CCN(C)CC4)ccc3Cl)sc1-2,7.32,CHEMBL1954960
CHEMBL3646477,COc1ccc(Nc2ncc(CNCc3cccnc3)cc2-c2nc(C)nc3[nH]cnc23)cn1,7.32,CHEMBL3706341
CHEMBL1949911,c1cc(-c2nc(N3CCOCC3)c3ccsc3n2)c2cn[nH]c2c1,7.33,CHEMBL1954960
CHEMBL1822210,CC(=O)Nc1nc2ccc(-c3cnc(Cl)c(NS(=O)(=O)c4ccc(F)cc4)c3)cc2o1,7.33,CHEMBL1828259
CHEMBL2171935,Cc1c(-c2ccccc2F)nc2ccccc2c1N1CC(C)(C)c2ccc(N3CCOCC3)cc21,7.33,CHEMBL3705734
CHEMBL5907883,COc1cnc2cc(-c3nc4cc(N[C@H](C(N)=O)C5CC5)cc5c4n3CCCO5)ccc2n1,7.33,CHEMBL5731104
CHEMBL3646532,COc1ccc(Nc2ncc(N3CC[C@H](O)C3)cc2-c2nc(C)nc3[nH]cnc23)cn1,7.33,CHEMBL3706341
CHEMBL3646563,COc1ccc(Nc2ncc(OC(F)F)cc2-c2nc(C)nc(N)n2)cn1,7.33,CHEMBL3706341
CHEMBL5435788,Nc1ncc(-c2nc(C3CCOCC3)nc(N3CCOCC3)n2)c(C(F)(F)F)n1,7.34,CHEMBL5321639
CHEMBL5949111,Cc1cc(-c2nc3cc(N[C@H](C(N)=O)C4CC4)cc4c3n2CCCO4)nc(CO)n1,7.35,CHEMBL5731104
CHEMBL3646571,COc1ncc(Nc2ncc(C(C)(C)N)cc2-c2nc(C)nc(N)n2)cc1F,7.35,CHEMBL3706341
CHEMBL3646430,COc1ccc(Nc2ncc(CNc3ccccc3)cc2-c2nc(C)nc3[nH]cnc23)cn1,7.35,CHEMBL3706341
CHEMBL3646461,COc1ccc(Nc2nc(N(C)C)ncc2-c2nc(C)nc(N)n2)cn1,7.35,CHEMBL3706341
CHEMBL3646545,COc1ccc(Nc2nc3ccccc3cc2-c2nc(C)nc(N)n2)cn1,7.35,CHEMBL3706341
CHEMBL3646631,COc1ncc(Nc2ncc(CN3CCN(C(=O)N(C)C4CC4)CC3)cc2-c2nc(C)nc(N)n2)cc1F,7.35,CHEMBL3706341
CHEMBL3646580,Cc1nc(N)nc(-c2cc(C(C)N3CCOCC3)cnc2Nc2ccc3scnc3c2)n1,7.35,CHEMBL3706341
CHEMBL2071331,CC(=O)Nc1nc(C)c(-c2ccc(S(C)(=O)=O)c(C#N)c2)s1,7.35,CHEMBL2072997
CHEMBL3646599,Cc1nc(N)nc(-c2cc([C@@H](C)N3CCN(S(C)(=O)=O)CC3)cnc2Nc2ccc(Cl)nc2)n1,7.36,CHEMBL3706341
CHEMBL3698340,Cc1nc2c(C)cccc2c(N2CC(C)(C)c3ccc(N4CCOCC4)cc32)c1C,7.36,CHEMBL3705734
CHEMBL3649481,COc1ncc(Nc2ncc([C@H](C)N3CCOCC3)cc2-c2nc(C)nc(N)n2)cc1F,7.36,CHEMBL3706341
CHEMBL3643941,COc1ccc(Nc2ncc(CO)cc2-c2nc(C)nc3[nH]cnc23)cn1,7.36,CHEMBL3706341
CHEMBL5783002,NC(=O)[C@@H](Nc1cc2c3c(c1)nc(-c1ccc4[nH]ncc4c1)n3CCCO2)C1CC1,7.36,CHEMBL5731104
CHEMBL2206916,Cc1nc(N)nc(-c2cccnc2Nc2cnc(Cl)c(NS(=O)(=O)N(C)C(C)C)c2)n1,7.36,CHEMBL3706341
CHEMBL3646506,COc1ncc(Nc2ncc(C(=O)N3CCC(O)CC3)cc2-c2nc(C)nc(N)n2)cc1F,7.36,CHEMBL3706341
CHEMBL3646547,Cc1nc(N)nc(-c2cc(CN3CCN(S(C)(=O)=O)CC3)cnc2Nc2ccc3ncsc3c2)n1,7.37,CHEMBL3706341
CHEMBL3646434,COc1ccc(Nc2ncc(CN3CCN(C(=O)N(C)C)CC3)cc2-c2nc(C)nc3[nH]cnc23)cn1,7.37,CHEMBL3706341
CHEMBL3618239,COc1ccc(Nc2nc3ccc(N4CCNCC4)cn3c2-c2nc(C)nc(N)n2)cn1,7.37,CHEMBL3620380
CHEMBL3618236,Cc1nc(N)nc(-c2c(Nc3ccc4cccnc4c3)nc3ccccn23)n1,7.37,CHEMBL3620380
CHEMBL5220481,Nc1ncc(-c2nc(N3CCOCC3)c3c(n2)N2CCOC[C@H]2C3)cn1,7.38,CHEMBL5730841
CHEMBL3646428,COc1ccc(Nc2ncc(CNc3ccncc3)cc2-c2nc(C)nc3[nH]cnc23)cn1,7.38,CHEMBL3706341
CHEMBL3646436,COc1ccc(Nc2ncc(CN3CCN(C(C)=O)CC3)cc2-c2nc(C)nc3[nH]cnc23)cn1,7.38,CHEMBL3706341
CHEMBL3701677,Cc1c(-c2ccccn2)nc2cc(F)ccc2c1N1CC2(CCOCC2)c2nc(C#N)c(N3CCOCC3)cc21,7.38,CHEMBL3705734
CHEMBL3646541,COc1ccc(Nc2ncc(CN3CCn4ncnc4C3)cc2-c2nc(C)nc(N)n2)cn1,7.39,CHEMBL3706341
CHEMBL4277399,Nc1cc(C(F)(F)F)c(-c2nc(N3CCOCC3)cc(N3CCOCC3)n2)cn1,7.39,CHEMBL4276427
CHEMBL3646531,COc1ccc(Nc2ncc(N3CC[C@H](CO)C3)cc2-c2nc(C)nc3[nH]cnc23)cn1,7.4,CHEMBL3706341
CHEMBL5426665,NC(=O)c1nc(-c2cccc(O)c2)nc2c1[nH]c(=O)n2CC1CCOC1,7.4,CHEMBL5327182
CHEMBL5413636,NC(=O)c1nc(-c2cccc(O)c2)nc2c1[nH]c(=O)n2C1CCCC1,7.4,CHEMBL5327182
CHEMBL5407812,CS(=O)(=O)N1CCC(n2c(=O)[nH]c3c(C(N)=O)nc(-c4cccc(O)c4)nc32)CC1,7.4,CHEMBL5327182
CHEMBL3646476,COc1ccc(Nc2ncc(CNCc3ccncc3)cc2-c2nc(C)nc3[nH]cnc23)cn1,7.4,CHEMBL3706341
CHEMBL3646447,COc1ccc(Nc2ncc(N3CCC[C@@H]3CO)cc2-c2nc(C)nc3[nH]cnc23)cn1,7.4,CHEMBL3706341
CHEMBL5424200,NC(=O)c1nc(-c2cccc(O)c2)nc2c1[nH]c(=O)n2-c1ccc(N2CCOCC2)cc1,7.4,CHEMBL5327182
CHEMBL3639454,COc1ccc(Nc2ncc(CN3CC(NS(C)(=O)=O)C3)cc2-c2nc(C)nc(N)n2)cn1,7.41,CHEMBL3706341
CHEMBL5408589,Nc1cc(C(F)F)c(-c2nc(C3CCOCC3)nc(N3CCOCC3)n2)cn1,7.41,CHEMBL5321639
CHEMBL3646457,COc1ccc(Nc2nc3ccccc3cc2-c2nc(C)nc3[nH]cnc23)cn1,7.42,CHEMBL3706341
CHEMBL5430194,Nc1cc(C(F)F)c(-c2nc(C3=CCOCC3)nc(N3CCOCC3)n2)cn1,7.42,CHEMBL5321639
CHEMBL5922279,NC(=O)[C@@H](Nc1cc2c3c(c1)nc(-c1ccc4c(c1)C(=O)NC4)n3CCCO2)C1CC1,7.43,CHEMBL5731104
CHEMBL4528622,C[C@H]1COC[C@H](C)N1c1nc(-c2cnc(N)cc2C(F)(F)F)nc(N2[C@@H](C)COC[C@@H]2C)n1,7.43,CHEMBL4360966
CHEMBL3646583,COc1ncc(Nc2ncc([C@@H](C)N3CCOCC3)cc2-c2nc(C)nc(N)n2)cc1F,7.43,CHEMBL3706341
CHEMBL3646600,Cc1nc(N)nc(-c2cc([C@@H](C)N3CCN(S(C)(=O)=O)CC3)cnc2Nc2ccc3cccnc3c2)n1,7.44,CHEMBL3706341
CHEMBL3643927,Cc1cnc(Nc2cccc3[nH]ncc23)c(-c2nc(C)nc(N)n2)c1,7.44,CHEMBL3706341
CHEMBL3646492,Cc1nc(N)nc(-c2cc(CN3CCN(S(C)(=O)=O)CC3)cnc2Nc2cnc(O)c(F)c2)n1,7.44,CHEMBL3706341
CHEMBL2165037,Cc1nc(-c2cccnc2Nc2cccc3n[nH]cc23)c2[nH]cnc2n1,7.44,CHEMBL3706341
CHEMBL3646442,COc1cccc(Nc2cnc(Nc3ccc(OC)nc3)c(-c3nc(C)nc4[nH]cnc34)c2)c1,7.46,CHEMBL3706341
CHEMBL3643942,COc1ccc(NCc2cnc(Nc3ccc(OC)nc3)c(-c3nc(C)nc4[nH]cnc34)c2)cc1,7.46,CHEMBL3706341
CHEMBL2071328,CC(=O)Nc1nc(C)c(-c2ccc(S(C)(=O)=O)c(Cl)c2)s1,7.46,CHEMBL2072997
CHEMBL3649482,COc1ccc(Nc2ncc([C@H](O)C(F)(F)F)cc2-c2nc(C)nc(N)n2)cn1,7.47,CHEMBL3706341
CHEMBL3646609,COc1ccc(Nc2ncc(C(N3CCN(S(C)(=O)=O)CC3)C(F)(F)F)cc2-c2nc(C)nc(N)n2)cn1,7.47,CHEMBL3706341
CHEMBL5982820,COc1ccc(-c2nc3cc(N[C@H](C(N)=O)C4CC4)cc4c3n2CCCO4)cc1OC(F)F,7.47,CHEMBL5731104
CHEMBL3646524,COc1ncc(Nc2nc(C)ccc2-c2nc(C)nc(N)n2)cc1F,7.48,CHEMBL3706341
CHEMBL3643937,Cc1nc(-c2cc(CO)cnc2Nc2cccc3[nH]ncc23)c2nc[nH]c2n1,7.48,CHEMBL3706341
CHEMBL3646489,COc1ccc(Nc2ncc(CN3CCOCC3=O)cc2-c2nc(C)nc(N)n2)cn1,7.48,CHEMBL3706341
CHEMBL3646568,COc1ccc(Nc2ncc([C@@H](O)C(F)(F)F)cc2-c2nc(C)nc(N)n2)cn1.COc1ccc(Nc2ncc([C@H](O)C(F)(F)F)cc2-c2nc(C)nc(N)n2)cn1,7.48,CHEMBL3706341
CHEMBL3701682,Cc1c(-c2ccccn2)nc2cc(F)ccc2c1N1CC(C)(C)c2nc(C#N)c(N3CCOCC3)cc21,7.48,CHEMBL3705734
CHEMBL3646439,COc1ccc(Nc2ncc(Nc3ccccc3)cc2-c2nc(C)nc3[nH]cnc23)cn1,7.48,CHEMBL3706341
CHEMBL5777813,NC(=O)[C@@H]1CCCN1c1cc2c3c(c1)nc(-c1ccc4[nH]cnc4c1)n3CCCO2,7.48,CHEMBL5731104
CHEMBL2165053,Cc1nc(N)nc(-c2cccnc2Nc2cccc3[nH]ncc23)n1,7.48,CHEMBL3706341
CHEMBL3646427,COc1ccc(Nc2ncc(CNc3cccnn3)cc2-c2nc(C)nc3[nH]cnc23)cn1,7.48,CHEMBL3706341
CHEMBL6053372,NC(=O)[C@@H](Nc1cc2c3c(c1)nc(-c1ccc4ncsc4c1)n3CCCO2)C1CC1,7.49,CHEMBL5731104
CHEMBL4281768,CC[C@@H]1COCCN1c1nc(-c2cnc(N)cc2C(F)F)nc(N2CCOC[C@H]2CC)n1,7.49,CHEMBL4276427
CHEMBL5430685,NC(=O)c1nc(-c2cccc(O)c2)nc2c1[nH]c(=O)n2CCc1cccs1,7.5,CHEMBL5327182
CHEMBL3646569,COc1ncc(Nc2ncc([C@H](C)N3CCOCC3)cc2-c2cc(N)nc(C)n2)cc1F,7.5,CHEMBL3706341
CHEMBL3701691,Cc1c(-c2cc(F)cc(F)c2)nc2ncccc2c1N1CC2(CCOCC2)c2ncc(N3CCOCC3)cc21,7.5,CHEMBL3705734
CHEMBL3646606,Cc1nc(N)nc(-c2cc(CN3CCN(S(C)(=O)=O)C[C@@H]3C)cnc2Nc2ccc(Cl)nc2)n1,7.5,CHEMBL3706341
CHEMBL4535115,C[C@@H]1COC[C@H](C)N1c1nc(-c2cnc(N)cc2C(F)(F)F)nc(N2[C@H](C)COC[C@@H]2C)n1,7.5,CHEMBL4360966
CHEMBL1796756,CN(C(=O)c1cc2c(s1)-c1ccc(C(=O)N3CCOCC3)cc1OCC2)c1ccccc1Cl,7.51,CHEMBL1798651
CHEMBL3646576,COc1ncc(Nc2ncc(C(C)(C)O)nc2-c2cc(N)nc(C)n2)cc1F,7.51,CHEMBL3706341
CHEMBL5883905,COc1nc(C)cc(-c2nc3cc(N[C@H](C(N)=O)C4CC4)cc4c3n2CCCO4)n1,7.51,CHEMBL5731104
CHEMBL3649477,COc1ccc(Nc2ncc([C@H](O)C(C)(C)C)cc2-c2nc(C)nc3[nH]cnc23)cn1,7.51,CHEMBL3706341
CHEMBL4569737,Nc1cc(C(F)(F)F)c(-c2nc(N3CCOCC3)nc(N3CC4CCC(C3)O4)n2)cn1,7.51,CHEMBL4360966
CHEMBL3701661,Cc1c(-c2ccccn2)nc2cnccc2c1N1CC2(CCOCC2)c2ncc(N3CCOCC3)cc21,7.51,CHEMBL3705734
CHEMBL5181023,NC(=O)[C@@H]1CCCN1c1ccc2c(c1)OCCn1cc(N3CCCOC3=O)nc1-2,7.52,CHEMBL5153851
CHEMBL2071333,CC(=O)Nc1nc(C)c(-c2ccc(-n3cccn3)cc2)s1,7.52,CHEMBL2072997
CHEMBL1949925,CN(C(=O)c1cc2c(s1)-c1ccc(-c3cccc(CC(=O)O)c3)cc1OCC2)c1ccccc1Cl,7.52,CHEMBL1954960
CHEMBL2171918,Cc1c(-c2ccccn2)nc2cc(F)ccc2c1N1CC(C)(C)c2ccc(N3CCOCC3)cc21,7.52,CHEMBL3705734
CHEMBL3769857,CNC(=O)[C@@H]1CCCN1c1cc2c(cn1)-c1nc(-c3ncnn3C(C)C)cn1CCO2,7.52,CHEMBL3774221
CHEMBL3646594,Cc1nc(N)cc(-c2cccnc2Nc2cnc(Cl)c(NS(C)(=O)=O)c2)n1,7.54,CHEMBL3706341
CHEMBL3701679,C=Cc1nc2c(cc1N1CCOCC1)N(c1c(C)c(-c3ccccn3)nc3cc(F)ccc13)CC21CCOCC1,7.54,CHEMBL3705734
CHEMBL4288037,Nc1cc(C(F)F)c(-c2nc(N3CCOCC3)cc(N3CCOCC3)n2)cn1,7.54,CHEMBL4276427
CHEMBL5421875,C[C@H]1COCCN1c1nc(-c2cnc(N)cc2C(F)F)nc(C2CCOCC2)n1,7.54,CHEMBL5321639
CHEMBL3618231,COc1ccc(Nc2nc3ccccn3c2-c2nc(C)nc(N)n2)cn1,7.54,CHEMBL3620380
CHEMBL3646446,COc1ccc(Nc2ncc(N3CCC[C@H]3CO)cc2-c2nc(C)nc3[nH]cnc23)cn1,7.54,CHEMBL3706341
CHEMBL3698294,Cc1c(-c2ccccn2)nc2cc(F)ccc2c1N1CC(C)(C)c2ncc(-c3ncnc4nc[nH]c34)cc21,7.54,CHEMBL3705734
CHEMBL3701662,Cc1c(-c2cc(F)cc(F)c2)nc2cnccc2c1N1CC2(CCOCC2)c2ncc(N3CCOCC3)cc21,7.55,CHEMBL3705734
CHEMBL3649441,O=S(=O)(Nc1cc(-c2cnc3ccccn23)cnc1Cl)c1ccc(F)cc1,7.55,CHEMBL3705286
CHEMBL2071332,CC(=O)Nc1nc(C)c(-c2ccc(S(C)(=O)=O)c(C(F)(F)F)c2)s1,7.55,CHEMBL2072997
CHEMBL5396454,C[C@H]1COCCN1c1nc(C2=CCOCC2)nc(-c2cnc(N)cc2C(F)F)n1,7.55,CHEMBL5321639
CHEMBL3698345,COc1cc2nc(C)c(C)c(N3CCS(=O)(=O)c4ccc(N5CCOCC5)cc43)c2cc1Cl,7.55,CHEMBL3705734
CHEMBL4518668,C[C@@H]1COC[C@H](C)N1c1nc(-c2cnc(N)cc2C(F)(F)F)nc(N2CCOCC2)n1,7.56,CHEMBL4360966
CHEMBL3701674,Cc1c(-c2ccccc2)nc2ncccc2c1N1CC(C)(C)c2ncc(N3CCOCC3)cc21,7.56,CHEMBL3705734
CHEMBL3646604,COc1ncc(Nc2ncc(CN3CCOC[C@@H]3C)cc2-c2nc(C)nc(N)n2)cc1F,7.57,CHEMBL3706341
CHEMBL5852386,NC(=O)[C@@H](Nc1cc2c3c(c1)nc(-c1ccc4nc(Cl)nn4c1)n3CCCO2)C1CC1,7.57,CHEMBL5731104
CHEMBL2171920,Cc1c(-c2cccnc2)nc2cc(F)ccc2c1N1CC(C)(C)c2ccc(N3CCOCC3)cc21,7.57,CHEMBL3705734
CHEMBL1822212,O=S(=O)(Nc1cc(-c2ccc3ncoc3c2)cnc1Cl)c1ccc(F)cc1,7.58,CHEMBL1828259
CHEMBL3646511,COc1cncc(Nc2ncccc2-c2nc(C)nc3[nH]cnc23)c1,7.58,CHEMBL3706341
CHEMBL5947505,CS(=O)(=O)c1cncc(-c2nc3cc(N[C@H](C(N)=O)C4CC4)cc4c3n2CCCO4)c1,7.58,CHEMBL5731104
CHEMBL3618244,COc1ccc(Nc2nc3ccc(C(C)(C)O)cn3c2-c2nc(C)nc(N)n2)cn1,7.58,CHEMBL3620380
CHEMBL5929567,NC(=O)[C@@H]1CCCN1c1cc2c3c(c1)nc(-c1ccnc4[nH]nnc14)n3CCCO2,7.59,CHEMBL5731104
CHEMBL4279445,Nc1cc(C(F)F)c(-c2nc(N3CCOCC3)nc(N3C4CCC3COC4)n2)cn1,7.59,CHEMBL4276427
CHEMBL3646429,COc1ccc(Nc2ncc(CNc3ccccn3)cc2-c2nc(C)nc3[nH]cnc23)cn1,7.6,CHEMBL3706341
CHEMBL3646621,COc1cc(Nc2ncc(C(C)(C)O)cc2-c2nc(C)nc(N)n2)cnc1Cl,7.6,CHEMBL3706341
CHEMBL5419036,Nc1cc(C(F)(F)F)c(-c2nc(C3=CCOCC3)nc(N3CCOCC3)n2)cn1,7.6,CHEMBL5321639
CHEMBL3698347,Cc1c(-c2ccccc2F)nc2cc(F)ccc2c1N1CC2(CCOCC2)c2ccc(N3CCOCC3)cc21,7.6,CHEMBL3705734
CHEMBL6014821,C[C@H](Nc1cc2c3c(c1)nc(-c1ccncn1)n3CCCO2)C(N)=O,7.61,CHEMBL5731104
CHEMBL5988949,NC(=O)[C@@H](Nc1cc2c3c(c1)nc(-c1ccc4c(n1)OCCO4)n3CCCO2)C1CC1,7.62,CHEMBL5731104
CHEMBL2165270,Cc1nc(N)cc(-c2cccnc2Nc2cccc(O)c2)n1,7.62,CHEMBL3706341
CHEMBL3646630,COc1ncc(Nc2ncc(CN3CCN(C(=O)N(C)CC(F)(F)F)CC3)cc2-c2nc(C)nc(N)n2)cc1F,7.62,CHEMBL3706341
CHEMBL2170087,COc1ncc(Nc2ncc([C@H](C)N3CCN(S(C)(=O)=O)C[C@H]3C)cc2-c2nc(C)nc(N)n2)cc1F,7.62,CHEMBL3706341
CHEMBL6052474,COc1ccc(-n2nc3cc(N[C@H](C(N)=O)C4CC4)cc4c3c2CCCO4)cn1,7.62,CHEMBL5731104
CHEMBL3646592,COc1ncc(Nc2ncc([C@@H](C)N3CCN(S(C)(=O)=O)CC3)cc2-c2nc(C)nc(N)n2)cc1C(C)C,7.62,CHEMBL3706341
CHEMBL3646582,Cc1nc(N)nc(-c2cc(C(C)N3CCN(S(C)(=O)=O)CC3)cnc2Nc2ccc3scnc3c2)n1,7.62,CHEMBL3706341
CHEMBL4279881,Nc1cc(C(F)F)c(-c2nc(N3CCOCC3)nc(N3CC4CCC(C3)O4)n2)cn1,7.62,CHEMBL4276427
CHEMBL5963120,NC(=O)[C@@H](Nc1cc2c3c(c1)nc(-c1ccc4c(c1)OCO4)n3CCCO2)C1CC1,7.63,CHEMBL5731104
CHEMBL3698346,Cc1c(-c2ccccc2F)nc2cccc(F)c2c1N1CCS(=O)(=O)c2ccc(N3CCOCC3)cc21,7.63,CHEMBL3705734
CHEMBL5221080,Nc1ncc(-c2nc(N3CCOCC3)nc3c2C[C@@H]2COCCN32)cn1,7.64,CHEMBL5730841
CHEMBL3646445,COc1ccc(Nc2ncc(N3CCN(S(C)(=O)=O)CC3)cc2-c2nc(C)nc3[nH]cnc23)cn1,7.64,CHEMBL3706341
CHEMBL1949926,CN(C(=O)c1cc2c(s1)-c1ccc(-c3cccc(CN)c3)cc1OCC2)c1ccccc1Cl,7.64,CHEMBL1954960
CHEMBL3646542,COc1ccc(Nc2ncc(C(O)c3cc(Br)ccc3S(=O)(=O)N(C)C)cc2-c2nc(C)nc(N)n2)cn1,7.64,CHEMBL3706341
CHEMBL1822059,O=S(=O)(Nc1cc(-c2ccc3nccn3c2)cnc1Cl)c1ccc(F)cc1,7.64,CHEMBL1828259
CHEMBL3357874,Cc1nc(N)nc(-c2cc(C(C)(C)O)cnc2Nc2cncc(F)c2)n1,7.64,CHEMBL3706341
CHEMBL3643940,COc1ccc(Nc2ncc(CCO)cc2-c2nc(C)nc3[nH]cnc23)cn1,7.64,CHEMBL3706341
CHEMBL5986346,NC(=O)[C@@H](Nc1cc2c3c(c1)nc(-c1ccc4c(c1)OCCO4)n3CCCO2)C1CC1,7.64,CHEMBL5731104
CHEMBL3701676,Cc1c(-c2ccccn2)nc2cc(F)ccc2c1N1CC2(CCOCC2)c2nc(Br)c(N3CCOCC3)cc21,7.65,CHEMBL3705734
CHEMBL3643943,COc1cccc(NCc2cnc(Nc3ccc(OC)nc3)c(-c3nc(C)nc4[nH]cnc34)c2)c1,7.66,CHEMBL3706341
CHEMBL5908849,C[C@H](Nc1cc2c3c(c1)nc(-c1cccnc1)n3CCCO2)C(N)=O,7.66,CHEMBL5731104
CHEMBL2165019,COc1ccc(Nc2ncc(CN3CCC(S(C)(=O)=O)CC3)cc2-c2nc(C)nc(N)n2)cn1,7.66,CHEMBL3706341
CHEMBL5415298,Nc1ncc(-c2nc(C3=CCOCC3)nc(N3CCOCC3)n2)c(C(F)(F)F)n1,7.66,CHEMBL5321639
CHEMBL3649440,O=S(=O)(Nc1cc(-c2cnc3ccc(Cl)nn23)cnc1Cl)c1ccc(F)cc1,7.66,CHEMBL3705286
CHEMBL3698363,Cc1c(C2(c3ccccc3)CC2)nc2cc(F)cc(F)c2c1N1CC(C)(C)c2ncc(N3CCOCC3)cc21,7.66,CHEMBL3705734
CHEMBL3646512,COc1ncc(Nc2ncc(F)cc2-c2nc(C)nc(N)n2)cc1F,7.66,CHEMBL3706341
CHEMBL4287799,C[C@@H]1COCCN1c1nc(-c2cnc(N)cc2C(F)F)nc(N2CCOCC2)n1,7.68,CHEMBL4276427
CHEMBL2387084,Cc1n[nH]c(-c2cn3c(n2)-c2ccc(-c4cnn(CCO)c4)cc2OCC3)n1,7.68,CHEMBL2388269
CHEMBL3649439,CN(C)S(=O)(=O)Nc1cc(-c2cnc3cc(-c4cccnc4)ccn23)cnc1Cl,7.68,CHEMBL3705286
CHEMBL5435423,Nc1ncc(-c2nc(C3CCOCC3)nc(N3CCOCC3)n2)c(C(F)F)n1,7.68,CHEMBL5321639
CHEMBL5774870,COc1ccc(CNC(=O)[C@@H]2CCCN2c2cc3c4c(c2)nc(-c2ccc5oc(N)nc5c2)n4CCCO3)cc1,7.68,CHEMBL5731104
CHEMBL3646552,COc1ccc(Nc2ncc(C3=CCNCC3)cc2-c2nc(C)nc(N)n2)cn1,7.68,CHEMBL3706341
CHEMBL3698306,Cc1c(-c2ccccn2)nc2cc(F)cc(F)c2c1N1CC2(CCOCC2)c2ccc(N3CCOCC3)cc21,7.68,CHEMBL3705734
CHEMBL3646488,COCCNC(=O)c1cnc(Nc2ccc(OC)nc2)c(-c2nc(C)nc(N)n2)c1,7.68,CHEMBL3706341
CHEMBL3646607,COc1ncc(Nc2ncc(CN3CCN(S(C)(=O)=O)C[C@@H]3C)cc2-c2nc(C)nc(N)n2)cn1,7.68,CHEMBL3706341
CHEMBL3698308,Cc1c(-c2cc(F)ccc2F)nc2cc(F)ccc2c1N1CC(C)(C)c2ccc(N3CCOCC3)cc21,7.69,CHEMBL3705734
CHEMBL2071337,Cc1nc(NC(=O)N2CCC[C@H]2C(N)=O)sc1-c1ccc(S(C)(=O)=O)c(C(F)(F)F)c1,7.7,CHEMBL2072997
CHEMBL3649425,Cc1nc2ccc(Br)cn2c1-c1cnc(Cl)c(NS(=O)(=O)c2ccc(F)cc2)c1,7.7,CHEMBL3705286
CHEMBL4453300,Nc1cc(C(F)(F)F)c(-c2nc(N3CCOCC3)nc(N3C4CCC3COC4)n2)cn1,7.7,CHEMBL4360966
CHEMBL5417926,CS(=O)(=O)c1ccc(-n2c(=O)[nH]c3c(C(N)=O)nc(-c4cccc(O)c4)nc32)cc1,7.7,CHEMBL5327182
CHEMBL3646579,Cc1nc(N)nc(-c2cc([C@@H](C)N3CCN(S(C)(=O)=O)CC3)cnc2Nc2cc(F)c3cccnc3c2)n1,7.7,CHEMBL3706341
CHEMBL2017974,Nc1cc(C(F)(F)F)c(-c2cc(N3CCOCC3)nc(N3CCOCC3)n2)cn1,7.7,CHEMBL4276427
CHEMBL3646470,COc1ncc(Nc2ncc(CN3CCOCC3)cc2-c2nc(C)nc(N)n2)cc1F,7.7,CHEMBL3706341
CHEMBL3356897,COc1cncc(-c2ccc3nc(NC(=O)NCCc4c[nH]cn4)sc3c2)c1,7.7,CHEMBL3363928
CHEMBL3649442,Cc1ccn2c(-c3cnc(Cl)c(NS(=O)(=O)c4ccc(F)cc4)c3)cnc2c1,7.72,CHEMBL3705286
CHEMBL3358287,COc1cc(Nc2ncc(C(C)(C)O)cc2-c2nc(C)nc(N)n2)cnc1OC,7.72,CHEMBL3706341
CHEMBL3357863,COc1ncc(Nc2ncccc2-c2nc(C)nc(N)n2)cc1F,7.72,CHEMBL3706341
CHEMBL3646620,COc1cc(Nc2ncc([C@@H](C)N3CCN(S(C)(=O)=O)CC3)cc2-c2nc(C)nc(N)n2)cnc1Cl,7.72,CHEMBL3706341
CHEMBL5756855,NC(=O)[C@@H](Nc1cc2c3c(c1)nc(-c1ccc4cncnc4c1)n3CCCO2)C1CC1,7.72,CHEMBL5731104
CHEMBL3646432,COc1ccc(Nc2ncc(CN3CCN(S(C)(=O)=O)CC3)cc2-c2nc(C)nc3[nH]cnc23)cn1,7.72,CHEMBL3706341
CHEMBL3646598,COc1ccc(Nc2ncc(C(C)N3CC(S(C)(=O)=O)C3)cc2-c2nc(C)nc(N)n2)cn1,7.72,CHEMBL3706341
CHEMBL3698368,Cc1ccnc(-c2nc3cc(F)cc(F)c3c(N3CC(C)(C)c4ncc(N5CCOCC5)cc43)c2C)c1,7.74,CHEMBL3705734
CHEMBL2171923,Cc1c(-c2ccccn2)nc2cc(F)ccc2c1N1CC2(CCOCC2)c2ccc(N3CCOCC3)cc21,7.74,CHEMBL3705734
CHEMBL5890568,NC(=O)[C@@H](Nc1cc2c3c(c1)nc(N1Cc4cnc(N)nc4C1)n3CCCO2)C1CC1,7.74,CHEMBL5731104
CHEMBL3646433,COC(=O)N1CCN(Cc2cnc(Nc3ccc(OC)nc3)c(-c3nc(C)nc4[nH]cnc34)c2)CC1,7.75,CHEMBL3706341
CHEMBL3646605,COc1cc(Nc2ncc(CN3CCN(S(C)(=O)=O)C[C@@H]3C)cc2-c2nc(C)nc(N)n2)cnc1Cl,7.75,CHEMBL3706341
CHEMBL4284651,Nc1cc(C(F)F)c(-c2cc(N3CCOCC3)nc(N3CCOCC3)n2)cn1,7.75,CHEMBL4276427
CHEMBL3646459,COc1ccc(Nc2nc(OC)ncc2-c2nc(C)nc(N)n2)cn1,7.75,CHEMBL3706341
CHEMBL3649472,Cc1nc(N)cc(-c2cc([C@@H](C)N3CCOCC3)cnc2Nc2cnc(Cl)c(NS(=O)(=O)N(C)C)c2)n1,7.75,CHEMBL3706341
CHEMBL2165049,COc1ccc(Nc2ncncc2-c2nc(C)nc(N)n2)cn1,7.75,CHEMBL3706341
CHEMBL3646587,COc1ncc(Nc2ncc([C@H](C)N3CCN(S(C)(=O)=O)C[C@@H]3C)cc2-c2nc(C)nc3[nH]cnc23)cc1F,7.75,CHEMBL3706341
CHEMBL3646544,COc1ccc(Nc2ncc(C(N)c3ccc(S(=O)(=O)N(C)C)cc3)cc2-c2nc(C)nc(N)n2)cn1,7.75,CHEMBL3706341
CHEMBL3698367,Cc1c(Cc2cccc(C(F)(F)F)c2)nc2cc(F)cc(F)c2c1N1CC(C)(C)c2ncc(N3CCOCC3)cc21,7.76,CHEMBL3705734
CHEMBL3357867,COc1ncc(Nc2ncc(C(O)C(F)(F)F)cc2-c2nc(C)nc(N)n2)cc1F,7.77,CHEMBL3706341
CHEMBL4084907,Nc1cc(C(F)(F)F)c(-c2nc(N3CCOCC3)nc(N3CCOCC3)n2)cn1,7.77,CHEMBL5225377
CHEMBL2165018,COc1ccc(Nc2ncc(CN3CCN(S(=O)(=O)N(C)C)CC3)cc2-c2nc(C)nc(N)n2)cn1,7.77,CHEMBL3706341
CHEMBL3646499,COc1ccc(Nc2ncc(-c3ccc(OC)nc3)cc2-c2nc(C)nc(N)n2)cn1,7.77,CHEMBL3706341
CHEMBL4750095,C[C@@H]1COCCN1c1nc(-c2cnc(N)nc2C(F)F)nc2c1C[C@@H]1COCCN21,7.77,CHEMBL4732440
CHEMBL3698361,Cc1c(Nc2ccccn2)nc2cc(F)cc(F)c2c1N1CC(C)(C)c2ncc(N3CCOCC3)cc21,7.77,CHEMBL3705734
CHEMBL3643924,Cc1nc(N)nc(-c2cc(CN3CCN(S(C)(=O)=O)CC3)cnc2Nc2cncnc2)n1,7.77,CHEMBL3706341
CHEMBL3649480,COc1ncc(Nc2ncc([C@@H](C)N3CCOCC3)cc2-c2cc(N)nc(C)n2)cc1F,7.77,CHEMBL3706341
CHEMBL5778757,NC(=O)c1cc(-c2nc3cc(N[C@H](C(N)=O)C4CC4)cc4c3n2CCCO4)ccc1F,7.78,CHEMBL5731104
CHEMBL3701637,Cc1c(-c2cncc(S(C)(=O)=O)c2)nc2cc(F)cc(F)c2c1N1CC(C)(C)c2ncc(N3CCOCC3)cc21,7.78,CHEMBL3705734
CHEMBL1796271,CN(C(=O)c1cc2c(s1)-c1ccccc1OCC2)c1ccccc1Cl,7.79,CHEMBL1798651
CHEMBL5745997,Cc1nc2cc(-c3nc4cc(N5CCCC5C(N)=O)cc5c4n3CCCO5)ccc2o1,7.79,CHEMBL5731104
CHEMBL3646561,Cc1nc(N)nc(-c2cc(CN3CCN(S(C)(=O)=O)CC3)cnc2Nc2ccc3[nH]cnc3c2)n1,7.8,CHEMBL3706341
CHEMBL2165004,COc1ccc(Nc2ncc(CN3CCC(S(C)(=O)=O)C3)cc2-c2nc(C)nc(N)n2)cn1,7.8,CHEMBL3706341
CHEMBL3356892,COc1cncc(-c2ccc3nc(NC(=O)N(C)C)sc3c2)c1,7.8,CHEMBL3363928
CHEMBL3646522,COCCOc1ccc(NC(=O)Nc2ccc(Nc3ncc(Cl)cc3-c3nc(C)nc(N)n3)cn2)cc1,7.8,CHEMBL3706341
CHEMBL3646530,Cc1nc(N)nc(-c2cc(CN3CCN(S(C)(=O)=O)CC3)cnc2Nc2cnc3c(c2)ncn3C)n1,7.8,CHEMBL3706341
CHEMBL3698296,Cc1cc(C)cc(-c2nc3cc(F)ccc3c(N3CC(C)(C)c4ncc(N5CCOCC5)cc43)c2C)c1,7.81,CHEMBL3705734
CHEMBL3358288,COc1cncc(Nc2ncc(C(C)(C)O)cc2-c2nc(C)nc(N)n2)c1,7.82,CHEMBL3706341
CHEMBL3649473,Cc1nc(N)cc(-c2cc([C@H](C)N3CCOCC3)cnc2Nc2cnc(Cl)c(NS(=O)(=O)N(C)C)c2)n1,7.82,CHEMBL3706341
CHEMBL3649466,Cc1nc(N)nc(-c2cc([C@H](C)N3CCOCC3)cnc2Nc2cnc(Cl)c(NS(=O)(=O)N(C)C)c2)n1,7.82,CHEMBL3706341
CHEMBL1668267,Cc1nc(N)c2cc(CN3CCOCC3)cc(C(=O)Nc3ccn[nH]3)c2n1,7.82,CHEMBL1670738
CHEMBL3649438,CN(C)S(=O)(=O)Nc1cc(-c2cnc3cc(-c4ccncc4)ccn23)cnc1Cl,7.82,CHEMBL3705286
CHEMBL4533420,C[C@H]1COC[C@H](C)N1c1nc(-c2cnc(N)cc2C(F)(F)F)nc(N2CCOCC2)n1,7.82,CHEMBL4360966
CHEMBL2170097,Cc1nc(N)nc(-c2cc(CN3CCN(S(C)(=O)=O)CC3)cnc2Nc2cncc(F)c2)n1,7.82,CHEMBL3706341
CHEMBL3646633,Cc1nc(N)nc(-c2cc([C@@H](C)N3CCN(S(C)(=O)=O)C[C@@H]3C)cnc2Nc2ccc(Cl)nc2)n1,7.82,CHEMBL3706341
CHEMBL3698303,Cc1c(-c2cccc(=O)[nH]2)nc2cc(F)ccc2c1N1CC(C)(C)c2ncc(N3CCOCC3)cc21,7.83,CHEMBL3705734
CHEMBL3698290,Cc1ncccc1-c1nc2cc(F)ccc2c(N2CC3(CCOCC3)c3ccc(N4CCOCC4)cc32)c1C,7.84,CHEMBL3705734
CHEMBL3618233,COc1ncc(Nc2nc3ccccn3c2-c2nc(C)nc(N)n2)cc1F,7.85,CHEMBL3620380
CHEMBL2206917,Cc1nc(N)nc(-c2cccnc2Nc2cnc(Cl)c(NS(=O)(=O)N3CCOCC3)c2)n1,7.85,CHEMBL3706341
CHEMBL3646559,Cc1nc(N)nc(-c2cc(-c3cnn(C)c3)cnc2Nc2cncc(F)c2)n1,7.85,CHEMBL3706341
CHEMBL2206904,COc1cnc(Nc2cnc(Cl)c(NS(=O)(=O)N(C)C)c2)c(-c2nc(C)nc(N)n2)c1,7.85,CHEMBL3706341
CHEMBL3646629,COc1ncc(Nc2ncc(CN3CCN(C(=O)N(C)C(C)C)CC3)cc2-c2nc(C)nc(N)n2)cc1F,7.85,CHEMBL3706341
CHEMBL4435490,C[C@H]1COCCN1c1cc(-c2cnc(N)cc2C(F)F)nc(N2CCOCC2)n1,7.86,CHEMBL4360966
CHEMBL3701663,Cc1c(-c2cc(F)cc(F)c2)nc2cnccc2c1N1CC(C)(C)c2ncc(N3CCOCC3)cc21,7.87,CHEMBL3705734
CHEMBL3701681,Cc1c(-c2ccccn2)nc2cc(F)ccc2c1N1CC(C)(C)c2nc(Br)c(N3CCOCC3)cc21,7.88,CHEMBL3705734
CHEMBL2165052,Cc1nc(N)nc(-c2cccnc2Nc2cccc(O)c2)n1,7.89,CHEMBL3706341
CHEMBL3646514,COc1ncc(Nc2ncc(C=O)cc2-c2nc(C)nc(N)n2)cc1F,7.89,CHEMBL3706341
CHEMBL3646624,COc1ncc(Nc2ncc(C(C)(C)O)cc2-c2cc(N)nc(C)n2)cc1F,7.89,CHEMBL3706341
CHEMBL1822053,O=S(=O)(Nc1cc(-c2ccc3ncsc3c2)cnc1Cl)c1ccc(F)cc1,7.89,CHEMBL1828259
CHEMBL2017647,N#Cc1c(N2CCOCC2)sc(C(N)=O)c1-c1ccc(Cl)cc1,7.89,CHEMBL2020200
CHEMBL3698362,Cc1c(-c2ccccn2)nc2cccc(F)c2c1N1CCS(=O)(=O)c2ncc(N3CCOCC3)cc21,7.89,CHEMBL3705734
CHEMBL3701660,Cc1c(-c2ccccn2)nc2ncccc2c1N1CC(C)(C)c2ncc(N3CCOCC3)cc21,7.9,CHEMBL3705734
CHEMBL3701669,Cc1c(N2CCNCC2)nc2cc(F)cc(F)c2c1N1CC2(CCOCC2)c2ncc(N3CCOCC3)cc21,7.91,CHEMBL3705734
CHEMBL1668274,Cc1cc(C(=O)Nc2ccc(N(C)C)nc2)c2nc(C)nc(N)c2c1,7.92,CHEMBL1670738
CHEMBL3649470,Cc1nc(N)cc(-c2cc(C(C)N3CCOCC3)cnc2Nc2cnc(Cl)c(NS(=O)(=O)N(C)C)c2)n1,7.92,CHEMBL3706341
CHEMBL3649475,Cc1nc(-c2cc(Cc3ccc(S(C)(=O)=O)cc3)cnc2Nc2ccc(N)nc2)c2nc[nH]c2n1,7.92,CHEMBL3706341
CHEMBL3701649,Cc1cc(C)cc(-c2nc3cc(F)ccc3c(N3CC4(CCOCC4)c4ncc(N5CCOCC5)cc43)c2C)c1,7.92,CHEMBL3705734
CHEMBL3646472,COc1ccc(Nc2ncc([C@@H](O)C(C)(C)C)cc2-c2nc(C)nc3[nH]cnc23)cn1,7.92,CHEMBL3706341
CHEMBL3646471,COc1ccc(Nc2ncc(C(O)C(C)(C)C)cc2-c2nc(C)nc3[nH]cnc23)cn1,7.92,CHEMBL3706341
CHEMBL3357875,COc1ncc(Nc2ncc(C(C)(C)O)cc2-c2nc(C)nc(N)n2)cc1C,7.92,CHEMBL3706341
CHEMBL3646585,COc1ncc(Nc2ncc(C(C)N3CCN(C(=O)N(C)C)CC3)cc2-c2nc(C)nc(N)n2)cc1F,7.92,CHEMBL3706341
CHEMBL3646555,COc1ccc(Nc2ncc(-c3cncc(F)c3)cc2-c2nc(C)nc(N)n2)cn1,7.92,CHEMBL3706341
CHEMBL5757779,COc1ccc(-c2nc3cc(N[C@@H](C)C(N)=O)cc4c3n2CCCO4)cn1,7.94,CHEMBL5731104
CHEMBL5202681,C[C@@H]1CN(c2cn3c(n2)-c2ccc(N4CCC[C@H]4C(N)=O)cc2OCC3)C(=O)O1,7.94,CHEMBL5153851
CHEMBL4568077,C[C@H]1COCCN1c1nc(-c2cnc(N)cc2C(F)F)cc(N2CCOCC2)n1,7.94,CHEMBL4360966
CHEMBL4280087,Nc1cc(C(F)F)c(-c2nc(N3CCOCC3)nc(N3CCOCC3)n2)cn1,7.94,CHEMBL4276427
CHEMBL2071329,CC(=O)Nc1nc(C)c(-c2ccc(S(C)(=O)=O)c(Br)c2)s1,7.96,CHEMBL2072997
CHEMBL3646553,COc1ccc(Nc2ncc(-c3cn[nH]c3)cc2-c2nc(C)nc(N)n2)cn1,7.96,CHEMBL3706341
CHEMBL3646578,COc1ccc(Nc2ncc(C(C)N3CCN(S(C)(=O)=O)CC3)nc2-c2cc(N)nc(C)n2)cn1,7.96,CHEMBL3706341
CHEMBL2206905,COc1cnc(Nc2cnc(Cl)c(NS(=O)(=O)N3CCOCC3)c2)c(-c2nc(C)nc(N)n2)c1,7.96,CHEMBL3706341
CHEMBL1949921,CN(C(=O)c1cc2c(s1)-c1ccc(C#N)cc1OCC2)c1ccccc1Cl,7.96,CHEMBL1954960
CHEMBL4453693,C[C@H]1COCCN1c1nc(-c2cnc(N)cc2C(F)F)nc(N2CCOCC2)n1,7.96,CHEMBL4360966
CHEMBL1822055,Nc1cn2nc(-c3cnc(Cl)c(NS(=O)(=O)c4ccc(F)cc4)c3)ccc2n1,7.96,CHEMBL1828259
CHEMBL2170086,COc1ncc(Nc2ncc([C@@H](C)N3CCN(S(C)(=O)=O)C[C@H]3C)cc2-c2nc(C)nc(N)n2)cc1F,7.96,CHEMBL3706341
CHEMBL3618245,COc1ncc(Nc2nc3ccc(C(C)(C)O)cn3c2-c2nc(C)nc(N)n2)cc1F,7.96,CHEMBL3620380
CHEMBL3643939,CCc1cnc(Nc2ccc(OC)nc2)c(-c2nc(C)nc3[nH]cnc23)c1,7.96,CHEMBL3706341
CHEMBL3646467,COc1ccc(Nc2ncc(Cl)cc2-c2nc(C)nc3[nH]cnc23)cn1,7.96,CHEMBL3706341
CHEMBL3646572,COc1ccc(Nc2ncc(C(C)(C)N3CCN(S(C)(=O)=O)CC3)cc2-c2nc(C)nc(N)n2)cn1,7.96,CHEMBL3706341
CHEMBL3646491,COc1ncc(Nc2ncc(CN3CCN(C(=O)N(C)C)CC3)cc2-c2nc(C)nc(N)n2)cc1F,7.96,CHEMBL3706341
CHEMBL5976466,NC(=O)c1cc(-c2nc3cc(N[C@H](C(N)=O)C4CC4)cc4c3n2CCCO4)ccn1,7.99,CHEMBL5731104
CHEMBL3698298,Cc1c(-c2ccccc2S(C)(=O)=O)nc2cc(F)ccc2c1N1CC2(CCOCC2)c2ccc(N3CCOCC3)cc21,7.99,CHEMBL3705734
CHEMBL2206920,COc1ncc(Nc2ncc(Cl)cc2-c2nc(C)nc(N)n2)cc1NS(C)(=O)=O,8.0,CHEMBL3706341
CHEMBL3701665,Cc1c(-c2cc(F)cc(F)c2)nc2ncccc2c1N1CC(C)(C)c2ncc(N3CCOCC3)cc21,8.0,CHEMBL3705734
CHEMBL3814933,Cn1cnc2c(N3CCOCC3)nc(-c3cnc(N)nc3)nc21,8.0,CHEMBL3816166
CHEMBL3649462,Cc1nc(N)nc(-c2cc(C(C)N3CCOCC3)cnc2Nc2cnc(Cl)c(NS(=O)(=O)N(C)C)c2)n1,8.0,CHEMBL3706341
CHEMBL3646487,COc1ncc(Nc2ncc(C(=O)N3CCN(S(C)(=O)=O)CC3)cc2-c2nc(C)nc(N)n2)cc1F,8.0,CHEMBL3706341
CHEMBL3701641,Cc1c(-c2ccccn2)nc2cc(F)cc(F)c2c1N1CC2(CCOCC2)c2ncc(N3CCOCC3)cc21,8.03,CHEMBL3705734
CHEMBL2170098,COc1cncc(Nc2ncc(CN3CCN(S(C)(=O)=O)CC3)cc2-c2nc(C)nc(N)n2)c1,8.05,CHEMBL3706341
CHEMBL2165017,COc1ccc(Nc2ncc(CN3CCN(S(C)(=O)=O)CC3)cc2-c2nc(C)nc(N)n2)cn1,8.05,CHEMBL3706341
CHEMBL3646437,COc1ccc(Nc2cnc(Nc3ccc(OC)nc3)c(-c3nc(C)nc4[nH]cnc34)c2)cc1,8.05,CHEMBL3706341
CHEMBL3646601,COc1ncc(Nc2ncc(C(C)CO)cc2-c2nc(C)nc(N)n2)cc1F,8.05,CHEMBL3706341
CHEMBL2170096,COc1ncc(Nc2ncc(CN3CCN(S(C)(=O)=O)CC3)cc2-c2nc(C)nc(N)n2)cc1F,8.05,CHEMBL3706341
CHEMBL3701639,Cc1ccnc(-c2nc3cc(F)cc(F)c3c(N3CC4(CCOCC4)c4ncc(N5CCOCC5)cc43)c2C)c1,8.05,CHEMBL3705734
CHEMBL1949912,Nc1ncc(-c2nc(N3CCOCC3)c3ccsc3n2)cn1,8.05,CHEMBL1954960
CHEMBL3646628,COc1ncc(Nc2ncc(C(OC(=O)c3cccc(Cl)c3)C(C)(C)O)cc2-c2nc(C)nc(N)n2)cc1F,8.05,CHEMBL3706341
CHEMBL3643930,COc1ccc(CN(Cc2ccc(OC)cc2)c2nc(C)nc(Cl)n2)cc1.COc1ccc(CNc2nc(C)nc(Cl)n2)cc1.Cc1nc(Cl)nc(Cl)n1.Clc1nc(Cl)nc(Cl)n1,8.05,CHEMBL3706341
CHEMBL2165020,COc1ccc(Nc2ncc(CC3CCN(S(C)(=O)=O)CC3)cc2-c2nc(C)nc(N)n2)cn1,8.05,CHEMBL3706341
CHEMBL3646451,CC(=O)Nc1ccc(Nc2ncc(Cc3ccc(S(C)(=O)=O)cc3)cc2-c2nc(C)nc3[nH]cnc23)cn1,8.05,CHEMBL3706341
CHEMBL4457600,C[C@H]1COCCN1c1nc(-c2cnc(N)cc2C(F)(F)F)nc(N2CCOCC2)n1,8.08,CHEMBL4360966
CHEMBL3618242,COc1ccc(Nc2nc3ccc(N4CCN(C(=O)N(C)C)CC4)cn3c2-c2nc(C)nc(N)n2)cn1,8.08,CHEMBL3620380
CHEMBL5871785,NC(=O)[C@@H]1CCCN1c1cc2c3c(c1)nc(-c1ccc(-c4ncsn4)cc1)n3CCCO2,8.09,CHEMBL5731104
CHEMBL5437258,Nc1ncc(-c2nc(C3=CCOCC3)nc(N3CCOCC3)n2)c(C(F)F)n1,8.09,CHEMBL5321639
CHEMBL3698356,Cc1c(CCc2ccccc2)nc2cc(F)cc(F)c2c1N1CC(C)(C)c2ncc(N3CCOCC3)cc21,8.09,CHEMBL3705734
CHEMBL2165033,COc1ccc(Nc2ncc(-c3cnn(C)c3)cc2-c2nc(C)nc(N)n2)cn1,8.1,CHEMBL3706341
CHEMBL3646483,COc1ccc(Nc2ncc([C@H](C)N3CCN(S(C)(=O)=O)CC3)cc2-c2nc(C)nc(N)n2)cn1,8.1,CHEMBL3706341
CHEMBL3357872,COc1ncc(Nc2ncc(C(C)(C)CO)cc2-c2nc(C)nc(N)n2)cc1F,8.1,CHEMBL3706341
CHEMBL5218581,Nc1ncc(-c2nc(N3CCOCC3)c3c(n2)N2CCOC[C@@H]2C3)cn1,8.1,CHEMBL5730841
CHEMBL3643920,Cc1nc(N)nc(-c2cc(CN3CCN(S(C)(=O)=O)CC3)cnc2Nc2cccc(O)c2)n1,8.1,CHEMBL3706341
CHEMBL3646546,Cc1nc(N)nc(-c2cc(CN3CCN(S(C)(=O)=O)CC3)cnc2Nc2ccc3scnc3c2)n1,8.1,CHEMBL3706341
CHEMBL3646550,Cc1nc(N)nc(-c2cc(CN3CCN(S(C)(=O)=O)CC3)cnc2Nc2cc(F)cc3[nH]ncc23)n1,8.1,CHEMBL3706341
CHEMBL3646636,Cc1nc(N)nc(-c2cc(C(C)N3CCOCC3)cnc2Nc2cnc(Cl)c(NS(C)(=O)=O)c2)n1,8.1,CHEMBL3706341
CHEMBL2165032,COc1ccc(Nc2ncc(-c3ccc(C)nc3)cc2-c2nc(C)nc(N)n2)cn1,8.1,CHEMBL3706341
CHEMBL2170095,COc1ncc(Nc2ncc(CN3CCN(S(C)(=O)=O)CC3)cc2-c2nc(C)nc(N)n2)cn1,8.1,CHEMBL3706341
CHEMBL5764701,Nc1nc2cc(-c3nc4cc(Br)cc5c4n3CCCO5)ccc2o1,8.11,CHEMBL5731104
CHEMBL3698302,Cc1c(-c2ccccc2S(C)(=O)=O)nc2cc(F)ccc2c1N1CC(C)(C)c2ncc(N3CCOCC3)cc21,8.11,CHEMBL3705734
CHEMBL2171924,Cc1c(-c2ccccn2)nc2cc(F)ccc2c1N1CC2(CS(=O)(=O)C2)c2ccc(N3CCOCC3)cc21,8.11,CHEMBL3705734
CHEMBL6007535,NC(=O)[C@H](Oc1cc2c3c(c1)nc(-c1cc(F)c4nc(N)sc4c1)n3CCO2)C1CC1,8.12,CHEMBL5731104
CHEMBL5856470,COc1ncc(-c2nc3cc(N[C@H](C(N)=O)C4CC4)cc4c3n2CCCO4)cc1Cl,8.12,CHEMBL5731104
CHEMBL3701658,Cc1c(N2CCCC2=O)nc2cc(F)ccc2c1N1CC2(CCOCC2)c2ncc(N3CCOCC3)cc21,8.12,CHEMBL3705734
CHEMBL1822211,Nc1nc2ccc(-c3cnc(Cl)c(NS(=O)(=O)c4ccc(F)cc4)c3)cc2o1,8.14,CHEMBL1828259
CHEMBL2206903,COc1cnc(Nc2cnc(Cl)c(NS(C)(=O)=O)c2)c(-c2nc(C)nc(N)n2)c1,8.15,CHEMBL3706341
CHEMBL3649463,Cc1nc(N)nc(-c2cc([C@@H](C)N3CCOCC3)cnc2Nc2cnc(Cl)c(NS(C)(=O)=O)c2)n1,8.15,CHEMBL3706341
CHEMBL3356895,COc1cncc(-c2ccc3nc(NC(=O)NCC(=O)NCC(F)(F)F)sc3c2)c1,8.15,CHEMBL3363928
CHEMBL3646602,COc1ncc(Nc2ncc(CN3CCN(S(C)(=O)=O)C[C@@H]3C(F)(F)F)cc2-c2nc(C)nc(N)n2)cc1F.COc1ncc(Nc2ncc(CN3CCN(S(C)(=O)=O)C[C@H]3C(F)(F)F)cc2-c2nc(C)nc(N)n2)cc1F,8.15,CHEMBL3706341
CHEMBL3646435,COc1ccc(Nc2ncc(CN3CCN(S(=O)(=O)N(C)C)CC3)cc2-c2nc(C)nc3[nH]cnc23)cn1,8.15,CHEMBL3706341
CHEMBL1668266,Cc1cc(C(=O)Nc2ccn[nH]2)c2nc(C)nc(N)c2c1,8.15,CHEMBL1670738
CHEMBL3646482,COc1ccc(Nc2ncc(C(C)N3CCN(S(C)(=O)=O)CC3)cc2-c2nc(C)nc(N)n2)cn1,8.15,CHEMBL3706341
CHEMBL3646603,COc1ncc(Nc2ncc(CN3CCN(S(C)(=O)=O)CC3C(F)(F)F)cc2-c2nc(C)nc(N)n2)cc1F,8.15,CHEMBL3706341
CHEMBL3646468,Cc1nc(N)nc(-c2cc(CN3CCN(S(C)(=O)=O)CC3)cnc2Nc2ccc3ocnc3c2)n1,8.15,CHEMBL3706341
CHEMBL3649474,COc1ncc(Nc2ncc(CN3CCN4C(CCS4(=O)=O)C3)cc2-c2nc(C)nc(N)n2)cc1F,8.15,CHEMBL3706341
CHEMBL3646493,CNc1nc(C)nc(-c2cc(CN3CCN(S(C)(=O)=O)CC3)cnc2Nc2ccc(OC)nc2)n1,8.15,CHEMBL3706341
CHEMBL3646574,COc1ccc(Nc2ncc(C3(N4CCN(S(C)(=O)=O)CC4)CC3)cc2-c2nc(C)nc(N)n2)cn1,8.15,CHEMBL3706341
CHEMBL3646490,COc1ccc(Nc2ncc(CN3CCN(S(C)(=O)=O)C[C@H]3C)cc2-c2nc(C)nc(N)n2)cn1,8.15,CHEMBL3706341
CHEMBL5950518,NC(=O)[C@@H]1CCCN1c1cc2c3c(c1)nc(-c1ccc(-c4cc[nH]n4)cc1)n3CCCO2,8.16,CHEMBL5731104
CHEMBL3701651,COc1cc(-c2nc3cc(F)cc(F)c3c(N3CC4(CCOCC4)c4ncc(N5CCOCC5)cc43)c2C)ccn1,8.16,CHEMBL3705734
CHEMBL5743183,CNc1nc2cc(-c3nc4cc(N5CCC[C@H]5C(N)=O)cc5c4n3CCCO5)ccc2o1,8.16,CHEMBL5731104
CHEMBL4515950,C[C@H]1COCCN1c1nc(-c2cnc(N)cc2C(F)(F)F)nc(N2CCOC[C@@H]2C)n1,8.17,CHEMBL4360966
CHEMBL3698359,Cc1c(-c2ccccn2)nc2cc(F)ccc2c1N1CC(C)(C)c2ncc(C3=CCOCC3)cc21,8.19,CHEMBL3705734
CHEMBL5173962,C[C@H]1CN(c2cn3c(n2)-c2ccc(N4CCC[C@H]4C(N)=O)cc2OCC3)C(=O)O1,8.19,CHEMBL5153851
CHEMBL3701642,Cc1c(-c2ccccn2)nc2cccc(F)c2c1N1CC2(CCOCC2)c2ncc(N3CCOCC3)cc21,8.19,CHEMBL3705734
CHEMBL3618240,COc1ncc(Nc2nc3ccc(N4CCN(C(C)C)CC4)cn3c2-c2nc(C)nc(N)n2)cc1F,8.19,CHEMBL3620380
CHEMBL3618241,COCCN1CCN(c2ccc3nc(Nc4cnc(OC)c(F)c4)c(-c4nc(C)nc(N)n4)n3c2)CC1,8.2,CHEMBL3620380
CHEMBL5891687,NC(=O)[C@@H](Nc1cc2c3c(c1)nc(-c1ccc4ncc(O)cc4c1)n3CCCO2)C1CC1,8.21,CHEMBL5731104
CHEMBL3618243,COc1ncc(Nc2nc3ccc(N4CCN(C(=O)N(C)C)CC4)cn3c2-c2nc(C)nc(N)n2)cc1F,8.21,CHEMBL3620380
CHEMBL1822056,O=S(=O)(Nc1cc(-c2ccc3nccn3n2)cnc1Cl)c1ccc(F)cc1,8.21,CHEMBL1828259
CHEMBL3646507,COc1ccc(Nc2ncc(CN3CCN(S(C)(=O)=O)CC3)cc2-c2cc(N)nc(C)n2)cn1,8.22,CHEMBL3706341
CHEMBL3646502,COc1ccc(Nc2ncc(-c3ccccn3)cc2-c2nc(C)nc(N)n2)cn1,8.22,CHEMBL3706341
CHEMBL3646573,COc1ncc(Nc2ncc(C(C)(C)N3CCOCC3)cc2-c2nc(C)nc(N)n2)cc1F,8.22,CHEMBL3706341
CHEMBL1667869,Cc1nc(N)c2cccc(C(=O)Nc3cn[nH]c3)c2n1,8.22,CHEMBL1670738
CHEMBL3649426,O=S(=O)(Nc1cc(-c2cnc3ccc(Br)cn23)cnc1Cl)c1ccc(F)cc1,8.22,CHEMBL3705286
CHEMBL3646535,COc1ccc(Nc2ncc(CN3CC(S(C)(=O)=O)C3)cc2-c2nc(C)nc(N)n2)cn1,8.22,CHEMBL3706341
CHEMBL3646479,COc1ccc(Nc2ncc(C(C)N3CCN(S(C)(=O)=O)CC3)cc2-c2nc(C)nc3[nH]cnc23)cn1,8.22,CHEMBL3706341
CHEMBL2206914,Cc1nc(N)nc(-c2cccnc2Nc2cnc(Cl)c(NS(=O)(=O)C3CC3)c2)n1,8.22,CHEMBL3706341
CHEMBL3649465,Cc1nc(N)nc(-c2cc([C@@H](C)N3CCOCC3)cnc2Nc2cnc(Cl)c(NS(=O)(=O)N(C)C)c2)n1,8.22,CHEMBL3706341
CHEMBL3646612,COc1ncc(Nc2ncc(C(N3CCN(S(C)(=O)=O)CC3)C(F)(F)F)cc2-c2nc(C)nc(N)n2)cc1F,8.22,CHEMBL3706341
CHEMBL3649478,COc1ccc(Nc2ncc([C@@H](C)N3CCN(S(C)(=O)=O)CC3)cc2-c2nc(C)nc(N)n2)cn1,8.22,CHEMBL3706341
CHEMBL3698289,CC(C)c1c(-c2ccccn2)nc2cc(F)ccc2c1N1CC(C)(C)c2ncc(N3CCOCC3)cc21,8.23,CHEMBL3705734
CHEMBL5205873,NC(=O)[C@@H]1CCCN1c1ccc2c(c1)OCCn1cc(N3CCOC3=O)nc1-2,8.24,CHEMBL5153851
CHEMBL3618238,COc1ncc(Nc2nc3ccc(N4CCNCC4)cn3c2-c2nc(C)nc(N)n2)cc1F,8.24,CHEMBL3620380
CHEMBL5745399,COC[C@H](Oc1cc2c3c(c1)nc(-c1ccc4nc(N)sc4c1)n3CCCCO2)C(N)=O,8.25,CHEMBL5731104
CHEMBL5823247,CC(C)n1ncnc1-c1cn2c(n1)-c1ccc(O[C@H](C(N)=O)C3CC3)cc1OCC2,8.25,CHEMBL5736185
CHEMBL1822052,Nc1nc2ccc(-c3cnc(Cl)c(NS(=O)(=O)c4ccc(F)cc4)c3)cc2s1,8.25,CHEMBL1828259
CHEMBL3618237,Cc1nc(N)nc(-c2c(Nc3cccc4[nH]ncc34)nc3ccccn23)n1,8.25,CHEMBL3620380
CHEMBL6047362,NC(=O)[C@H](Oc1cc2c3c(c1)nc(-c1ccc4nc(N)sc4c1)n3CCCCO2)C1CC1,8.26,CHEMBL5731104
CHEMBL3701640,Cc1c(N2CCCCC2=O)nc2cc(F)cc(F)c2c1N1CC2(CCOCC2)c2ncc(N3CCOCC3)cc21,8.26,CHEMBL3705734
CHEMBL3701652,Cc1c(N2CCOC(C)(C)C2)nc2cc(F)cc(F)c2c1N1CC2(CCOCC2)c2ncc(N3CCOCC3)cc21,8.27,CHEMBL3705734
CHEMBL5828463,NC(=O)[C@@H](Nc1cc2c3c(c1)nc(-c1ccc4nc(N)ncc4c1)n3CCCO2)C1CC1,8.27,CHEMBL5731104
CHEMBL3701673,Cc1c(-c2cccc(F)c2)nc2ncccc2c1N1CC2(CCOCC2)c2ncc(N3CCOCC3)cc21,8.27,CHEMBL3705734
CHEMBL3701689,Cc1c(-c2cncc(F)c2)nc2cnccc2c1N1CC(C)(C)c2ncc(N3CCOCC3)cc21,8.27,CHEMBL3705734
CHEMBL3698369,Cc1c(-c2cncc(F)c2)nc2cc(F)cc(F)c2c1N1CC(C)(C)c2ncc(N3CCOCC3)cc21,8.28,CHEMBL3705734
CHEMBL5996939,Nc1nc2cc(-c3nc4c(F)c(Br)cc5c4n3CCCO5)ccc2o1,8.29,CHEMBL5731104
CHEMBL3701650,Cc1ccnc(-c2nc3cc(F)ccc3c(N3CC4(CCOCC4)c4ncc(N5CCOCC5)cc43)c2C)c1,8.29,CHEMBL3705734
CHEMBL3646634,COc1ncc(Nc2ncc(CN3CCN(S(C)(=O)=O)[C@H](C)C3)cc2-c2nc(C)nc(N)n2)cc1F,8.3,CHEMBL3706341
CHEMBL3815084,COC1(c2nc3c(N4CCOCC4)nc(-c4cnc(N)nc4)nc3n2C)COC1,8.3,CHEMBL3816166
CHEMBL3814365,CCc1nc2c(N3CCOCC3)nc(-c3cnc(N)nc3)nc2n1C,8.3,CHEMBL3816166
CHEMBL3646478,COc1ccc(Nc2ncc(C(O)c3ccc(S(C)(=O)=O)cc3)cc2-c2nc(C)nc3[nH]cnc23)cn1,8.3,CHEMBL3706341
CHEMBL1949913,CN1CCN(Cc2cc3c(N4CCOCC4)nc(-c4cnc(N)nc4)nc3s2)CC1,8.3,CHEMBL1954960
CHEMBL3649437,CS(=O)(=O)Nc1cc(-c2cnc3cc(-c4cccnc4)ccn23)cnc1Cl,8.3,CHEMBL3705286
CHEMBL1922094,Cc1c(CN2CCN(C(=O)[C@H](C)O)CC2)sc2c(N3CCOCC3)nc(-c3cnc(N)nc3)nc12,8.3,CHEMBL3816166
CHEMBL2071338,Cc1nc(NC(=O)N2CCC[C@H]2C(N)=O)sc1-c1ccc(-n2cccn2)cc1,8.3,CHEMBL2072997
CHEMBL3649464,Cc1nc(N)nc(-c2cc([C@H](C)N3CCOCC3)cnc2Nc2cnc(Cl)c(NS(C)(=O)=O)c2)n1,8.3,CHEMBL3706341
CHEMBL2206912,Cc1nc(N)nc(-c2cccnc2Nc2cnc(Cl)c(NS(=O)(=O)c3ccc(F)cc3)c2)n1,8.3,CHEMBL3706341
CHEMBL2165030,COc1ccc(Nc2ncc(C3=CCOCC3)cc2-c2nc(C)nc(N)n2)cn1,8.3,CHEMBL3706341
CHEMBL3646484,COc1ccc(Nc2ncc(C(C)c3ccc(S(C)(=O)=O)cc3)cc2-c2nc(C)nc(N)n2)cn1,8.3,CHEMBL3706341
CHEMBL2206906,COCCOc1cnc(Nc2cnc(Cl)c(NS(C)(=O)=O)c2)c(-c2nc(C)nc(N)n2)c1,8.3,CHEMBL3706341
CHEMBL3646617,Cc1nc(-c2cccnc2Nc2cnc(Cl)c(NS(C)(=O)=O)c2)c2nc[nH]c2n1,8.3,CHEMBL3706341
CHEMBL3646623,COc1ncc(Nc2ncc(C3CCOCC3)cc2-c2nc(C)nc(N)n2)cc1F,8.3,CHEMBL3706341
CHEMBL3646622,COc1ncc(Nc2ncc(C3=CCOCC3)cc2-c2nc(C)nc(N)n2)cc1F,8.3,CHEMBL3706341
CHEMBL1668279,Cc1cc(C(=O)Nc2cn[nH]c2)c2nc(C)nc(N)c2c1,8.3,CHEMBL1670738
CHEMBL1950037,CNC(=O)c1ccc2c(c1)OCCc1cc(C(=O)N(C)c3ccc(C(=O)N4CCN(C)CC4)cc3Cl)sc1-2,8.3,CHEMBL1954960
CHEMBL3701645,Cc1c(-n2ccccc2=O)nc2cc(F)cc(F)c2c1N1CC2(CCOCC2)c2ccc(N3CCOCC3)cc21,8.33,CHEMBL3705734
CHEMBL6028709,C[C@@H](Oc1cc2c3c(c1)nc(-c1cc4sc(N)nc4cc1F)n3CCCCO2)C(N)=O,8.34,CHEMBL5731104
CHEMBL5997981,NC(=O)[C@@H]1CCCN1c1cc2c3c(c1)nc(-c1ccc4[nH]nnc4c1)n3CCCO2,8.34,CHEMBL5731104
CHEMBL3701644,Cc1c(-c2ccccc2S(C)(=O)=O)nc2cc(F)cc(F)c2c1N1CC2(CCOCC2)c2ncc(N3CCOCC3)cc21,8.35,CHEMBL3705734
CHEMBL3698299,Cc1c(-c2ccccc2S(C)(=O)=O)nc2cc(F)ccc2c1N1CC(C)(C)c2ccc(N3CCOCC3)cc21,8.35,CHEMBL3705734
CHEMBL4754767,Nc1ncc(-c2nc(N3CCOCC3)nc(N3C[C@H]4CC[C@@H](C3)O4)n2)c(C(F)F)n1,8.36,CHEMBL4668259
CHEMBL3701675,Cc1c(-c2ccccc2)nc2ncccc2c1N1CC2(CCOCC2)c2ncc(N3CCOCC3)cc21,8.36,CHEMBL3705734
CHEMBL3698364,Cc1ccnc(-c2nc3cc(F)ccc3c(N3CC(C)(C)c4ncc(N5CCOCC5)cc43)c2C)c1,8.38,CHEMBL3705734
CHEMBL4516236,C[C@H]1COCCN1c1nc(-c2cnc(N)nc2C(F)F)cc(N2CCOCC2)n1,8.39,CHEMBL4360966
CHEMBL3698312,Cc1c(-c2ccccn2)nc2c(C)ccc(F)c2c1N1CC(C)(C)c2ncc(N3CCOCC3)cc21,8.39,CHEMBL3705734
CHEMBL3698291,Cc1ncccc1-c1nc2cc(F)ccc2c(N2CC(C)(C)c3ncc(N4CCOCC4)cc32)c1C,8.39,CHEMBL3705734
CHEMBL3646619,Cc1nc(-c2cc(C(C)N3CCOCC3)cnc2Nc2cnc(Cl)c(NS(=O)(=O)N(C)C)c2)c2nc[nH]c2n1,8.4,CHEMBL3706341
CHEMBL3357868,COc1ncc(Nc2ncc(C(C)(C)O)cc2-c2nc(C)nc(N)n2)cc1F,8.4,CHEMBL3706341
CHEMBL3649446,Cc1cc2ncc(-c3cnc(Cl)c(NS(=O)(=O)N(C)C)c3)n2cc1-c1ccncc1,8.4,CHEMBL3705286
CHEMBL3646557,COc1ncc(Nc2nc(-c3cccnc3)ccc2-c2nc(C)nc(N)n2)cc1F,8.4,CHEMBL3706341
CHEMBL2206908,Cc1nc(N)nc(-c2cc(CN3CCOCC3)cnc2Nc2cnc(Cl)c(NS(C)(=O)=O)c2)n1,8.4,CHEMBL3706341
CHEMBL3643923,Cc1nc(N)nc(-c2cc(CN3CCN(S(C)(=O)=O)CC3)cnc2Nc2cccc3[nH]ncc23)n1,8.4,CHEMBL3706341
CHEMBL3357869,COc1ncc(Nc2ncc(C3(O)CC3)cc2-c2nc(C)nc(N)n2)cc1F,8.4,CHEMBL3706341
CHEMBL3646584,Cc1nc(N)nc(-c2cc([C@@H](C)N3CCN(S(C)(=O)=O)C[C@@H]3C)cnc2Nc2ccc3scnc3c2)n1,8.4,CHEMBL3706341
CHEMBL2170081,COc1ncc(Nc2ncc([C@@H](C)N3CCN(S(C)(=O)=O)CC3)cc2-c2nc(C)nc(N)n2)cc1F,8.4,CHEMBL3706341
CHEMBL1949924,CN(C(=O)c1cc2c(s1)-c1ccc(C(=O)NCCN)cc1OCC2)c1ccccc1Cl,8.4,CHEMBL1954960
CHEMBL1949922,CCNC(=O)c1ccc2c(c1)OCCc1cc(C(=O)N(C)c3ccccc3Cl)sc1-2,8.4,CHEMBL1954960
CHEMBL2170099,COc1ncc(Nc2ncc([C@H](C)N3CCN(S(C)(=O)=O)CC3)cc2-c2nc(C)nc(N)n2)cc1F,8.4,CHEMBL3706341
CHEMBL4472639,C[C@H]1COCCN1c1nc(-c2cnc(N)nc2C(F)(F)F)nc(N2CCOCC2)n1,8.4,CHEMBL4360966
CHEMBL3646518,Cc1nc(N)nc(-c2cccnc2Nc2ccc(NC(=O)Nc3cccc(F)c3)nc2)n1,8.4,CHEMBL3706341
CHEMBL1949923,CNCc1ccc2c(c1)OCCc1cc(C(=O)N(C)c3ccccc3Cl)sc1-2,8.4,CHEMBL1954960
CHEMBL3646543,COc1ccc(Nc2ncc(C(O)c3ccc(S(=O)(=O)N(C)C)cc3)cc2-c2nc(C)nc(N)n2)cn1,8.4,CHEMBL3706341
CHEMBL3649429,O=S(=O)(Nc1cc(-c2cnc3ccc(N4CCOCC4)cn23)cnc1Cl)c1ccc(F)cc1,8.4,CHEMBL3705286
CHEMBL6054229,NC(=O)[C@@H](Nc1cc2c3c(c1)nc(-c1ccnc4[nH]ncc14)n3CCCO2)C1CC1,8.41,CHEMBL5731104
CHEMBL5193496,NC(=O)[C@@H]1CCCN1c1ccc2c(c1)OCCn1cc(N3CCOCCC3=O)nc1-2,8.42,CHEMBL5153851
CHEMBL1796761,CNC(=O)c1ccc2c(c1)OCCc1cc(C(=O)N(C)c3ccc(C(=O)N(C)C)cc3Cl)sc1-2,8.43,CHEMBL1798651
CHEMBL3770644,CC(C)n1ncnc1-c1cn2c(n1)-c1ccc(O[C@H](C)C(N)=O)cc1OCC2,8.44,CHEMBL3774221
CHEMBL3770615,COc1cc2c(cn1)-c1nc(-c3ncnn3C(C)C)cn1CCO2,8.44,CHEMBL3774221
CHEMBL5875257,CC(C)C(Oc1ccc2c(c1)OCCn1cc(-c3ncnn3CC(F)(F)F)nc1-2)C(N)=O,8.45,CHEMBL5736185
CHEMBL4749136,Nc1ncc(-c2nc(N3CCOCC3)nc(N3[C@@H]4CC[C@H]3COC4)n2)c(C(F)F)n1,8.47,CHEMBL4668259
CHEMBL1822060,CC(=O)Nc1nc2ccc(-c3cnc(Cl)c(NS(=O)(=O)c4ccc(F)cc4)c3)cc2[nH]1,8.48,CHEMBL1828259
CHEMBL3698307,Cc1c(-c2ccccn2)nc2cccc(F)c2c1N1CC(C)(C)c2ncc(N3CCOCC3)cc21,8.48,CHEMBL3705734
CHEMBL5176372,COC[C@@H]1COC(=O)N1c1cn2c(n1)-c1ccc(N3CCC[C@H]3C(N)=O)cc1OCC2,8.49,CHEMBL5153851
CHEMBL3769603,CC(C)n1ncnc1-c1cn2c(n1)-c1cnc(N3CCC[C@@H]3C(N)=O)cc1OCC2,8.49,CHEMBL3774221
CHEMBL3698350,Cc1c(Cc2ccccc2)nc2cc(F)cc(F)c2c1N1CC(C)(C)c2ncc(N3CCOCC3)cc21,8.49,CHEMBL3705734
CHEMBL3698365,Cc1c(N2CCCCC2=O)nc2cc(F)cc(F)c2c1N1CC(C)(C)c2ncc(N3CCOCC3)cc21,8.5,CHEMBL3705734
CHEMBL5202549,CO[C@H]1CCN(c2cn3c(n2)-c2ccc(N4CCC[C@H]4C(N)=O)cc2OCC3)C1=O,8.5,CHEMBL5153851
CHEMBL3701684,CNC(=O)N1CCN(c2nc3cc(F)cc(F)c3c(N3CC4(CCOCC4)c4ncc(N5CCOCC5)cc43)c2C)CC1,8.5,CHEMBL3705734
CHEMBL2058172,COCCNC(=O)c1nc2c(N3CCOCC3)nc(-c3cnc(N)nc3)cn2c1C,8.51,CHEMBL2060307
CHEMBL3701666,COC(=O)N1CCN(c2nc3cc(F)cc(F)c3c(N3CC4(CCOCC4)c4ncc(N5CCOCC5)cc43)c2C)CC1,8.51,CHEMBL3705734
CHEMBL3769972,CC(C)n1ncnc1-c1cn2c(n1)-c1cnc(OC(C)(C)C(N)=O)cc1OCC2,8.51,CHEMBL3774221
CHEMBL2087493,CS(=O)(=O)N1CCN(Cc2cn3c(Cl)c(-c4cnc(N)nc4)nc(N4CCOCC4)c3n2)CC1,8.51,CHEMBL2092096
CHEMBL3814544,Cn1c(C2CCC2)nc2c(N3CCOCC3)nc(-c3cnc(N)nc3)nc21,8.52,CHEMBL3816166
CHEMBL3698370,Cc1cncc(-c2nc3cc(F)cc(F)c3c(N3CC(C)(C)c4ncc(N5CCOCC5)cc43)c2C)c1,8.52,CHEMBL3705734
CHEMBL2170089,COc1ncc(Nc2ncc([C@H](C)N3CCN(S(C)(=O)=O)C[C@@H]3C)cc2-c2nc(C)nc(N)n2)cc1F,8.52,CHEMBL3706341
CHEMBL1949920,CN(C(=O)c1cc2c(s1)-c1ccc(-c3ccn[nH]3)cc1OCC2)c1ccccc1Cl,8.52,CHEMBL1954960
CHEMBL3646575,COc1ncc(Nc2ncc(C(C)N3CCN(S(C)(=O)=O)CC3)nc2-c2cc(N)nc(C)n2)cc1F,8.52,CHEMBL3706341
CHEMBL1950036,CN(C(=O)c1cc2c(s1)-c1cc(C#N)ccc1OCC2)c1ccccc1Cl,8.52,CHEMBL1954960
CHEMBL3646618,Cc1nc(-c2cc(C(C)N3CCOCC3)cnc2Nc2cnc(Cl)c(NS(C)(=O)=O)c2)c2nc[nH]c2n1,8.52,CHEMBL3706341
CHEMBL3814925,Cn1c(C2(O)COC2)nc2c(N3CCOCC3)nc(-c3cnc(N)nc3)nc21,8.52,CHEMBL3816166
CHEMBL3646586,COc1ncc(Nc2ncc([C@@H](C)N3CCN(S(C)(=O)=O)C[C@@H]3C)cc2-c2nc(C)nc3[nH]cnc23)cc1F,8.52,CHEMBL3706341
CHEMBL3646450,Cc1nc(-c2cc(Cc3ccc(S(C)(=O)=O)cc3)cnc2Nc2cccc3[nH]ncc23)c2nc[nH]c2n1,8.52,CHEMBL3706341
CHEMBL2017650,N#Cc1c(N2CCOCC2)sc(-c2cn[nH]n2)c1-c1ccc(Cl)cc1,8.52,CHEMBL2020200
CHEMBL1796763,CNC(=O)c1ccc2c(c1)OCCc1cc(C(=O)N(C)c3cc(C(=O)N(C)C)ccc3Cl)sc1-2,8.52,CHEMBL1954960
CHEMBL3813906,Cc1nc(N)ncc1-c1nc(N2CCOCC2)c2nc(C(C)(C)O)n(CCO)c2n1,8.52,CHEMBL3816166
CHEMBL5206005,NC(=O)[C@@H]1COCCN1c1ccc2c(c1)OCCn1cc(N3C(=O)OC[C@H]3C(F)(F)F)nc1-2,8.53,CHEMBL5153851
CHEMBL3698351,C=C(c1ccccc1)c1nc2cc(F)cc(F)c2c(N2CC(C)(C)c3ncc(N4CCOCC4)cc32)c1C,8.54,CHEMBL3705734
CHEMBL3698355,Cc1c(Cc2cccc(F)c2)nc2cc(F)cc(F)c2c1N1CC(C)(C)c2ncc(N3CCOCC3)cc21,8.54,CHEMBL3705734
CHEMBL5927249,NC(=O)[C@@H]1CCCN1c1cc2c3c(c1)nc(-c1ccc4c(c1)N1CCC(=O)N=C1O4)n3CCCO2,8.54,CHEMBL5731104
CHEMBL1922093,Cc1c(CN2CCN(C(=O)CO)CC2)sc2c(N3CCOCC3)nc(-c3cnc(N)nc3)nc12,8.55,CHEMBL1925467
CHEMBL2387085,Cc1nc(-c2cn3c(n2)-c2ccc(-c4cnn(CCO)c4)cc2OCC3)n(C)n1,8.55,CHEMBL2388269
CHEMBL1822058,Nc1cn2cc(-c3cnc(Cl)c(NS(=O)(=O)c4ccc(F)cc4)c3)ccc2n1,8.55,CHEMBL1828259
CHEMBL5916259,C[C@H](Oc1ccc2c(c1)OCCn1cc(-c3ncnn3C)nc1-2)C(N)=O,8.56,CHEMBL5736185
CHEMBL3698354,Cc1c(-c2cccc3[nH]ccc23)nc2cc(F)cc(F)c2c1N1CC(C)(C)c2ncc(N3CCOCC3)cc21,8.56,CHEMBL3705734
CHEMBL5808403,NC(=O)[C@H](Oc1cc2c3c(c1)nc(-c1ccc4oc(N)nc4c1)n3CCCO2)C1CC1,8.56,CHEMBL5731104
CHEMBL4758284,C[C@@H]1COCCN1c1nc(-c2cnc(N)nc2C(F)F)nc(N2CCOCC2)n1,8.57,CHEMBL4668259
CHEMBL3701646,Cc1nc2c(Cl)cccc2c(N2CC3(CCOCC3)c3ncc(N4CCOCC4)cc32)c1C,8.57,CHEMBL3705734
CHEMBL5746537,NC(=O)[C@@H](Nc1cc2c3c(c1)nc(-c1ccn4nccc4n1)n3CCCO2)C1CC1,8.57,CHEMBL5731104
CHEMBL3698357,Cc1c(Cc2cccc(C#N)c2)nc2cc(F)cc(F)c2c1N1CC(C)(C)c2ncc(N3CCOCC3)cc21,8.57,CHEMBL3705734
CHEMBL3701668,Cc1c(N2CCN(C(=O)OC(C)(C)C)CC2)nc2cc(F)cc(F)c2c1N1CC2(CCOCC2)c2ncc(N3CCOCC3)cc21,8.57,CHEMBL3705734
CHEMBL521851,CS(=O)(=O)N1CCN(Cc2cc3nc(-c4cccc5[nH]ncc45)nc(N4CCOCC4)c3s2)CC1,8.59,CHEMBL5736185
CHEMBL1796760,CNC(=O)c1ccc(N(C)C(=O)c2cc3c(s2)-c2ccc(C(=O)NC)cc2OCC3)c(Cl)c1,8.6,CHEMBL1798651
CHEMBL1796276,CNC(=O)c1ccc2c(c1)OCCc1cc(C(=O)N(C)c3ccccc3Cl)sc1-2,8.6,CHEMBL1798651
CHEMBL5192556,NC(=O)[C@@H]1CCCN1c1ccc2c(c1)OCCn1cc(N3CCOCC3=O)nc1-2,8.6,CHEMBL5153851
CHEMBL3698300,Cc1c(-c2ccccc2S(C)(=O)=O)nc2cc(F)ccc2c1N1CC(C)(C)c2ncc(-c3ccnc(N)n3)cc21,8.61,CHEMBL3705734
CHEMBL2087474,CS(=O)(=O)N1CCN(Cc2cn3cc(-c4cnc(N)nc4)nc(N4CCOCC4)c3n2)CC1,8.63,CHEMBL2092096
CHEMBL3701647,Cc1c(N2CCCC2=O)nc2cc(F)cc(F)c2c1N1CC2(CCOCC2)c2ncc(N3CCOCC3)cc21,8.63,CHEMBL3705734
CHEMBL3701664,Cc1ccnc(-c2nc3ncccc3c(N3CC(C)(C)c4ncc(N5CCOCC5)cc43)c2C)c1,8.63,CHEMBL3705734
CHEMBL3698366,COc1cccc(Cc2nc3cc(F)cc(F)c3c(N3CC(C)(C)c4ncc(N5CCOCC5)cc43)c2C)c1,8.63,CHEMBL3705734
CHEMBL6059627,C[C@@H]1Cn2c(-c3ccc4oc(N)nc4c3)nc3cc(O[C@H](C)C(N)=O)cc(c32)O1,8.64,CHEMBL5731104
CHEMBL3701672,Cc1c(-c2cccc(F)c2)nc2ncccc2c1N1CC(C)(C)c2ncc(N3CCOCC3)cc21,8.64,CHEMBL3705734
CHEMBL3701686,Cc1c(N2CC(C)(C)CC2=O)nc2cc(F)cc(F)c2c1N1CC2(CCOCC2)c2ncc(N3CCOCC3)cc21,8.64,CHEMBL3705734
CHEMBL5950439,C[C@H](Oc1cc2c3c(c1)nc(-c1ccc4oc(N)nc4c1)n3CCCCO2)C(=O)O,8.65,CHEMBL5731104
CHEMBL3701655,Cc1c(-c2ccccn2)nc2cc(F)ccc2c1N1CCS(=O)(=O)c2ncc(N3CCOCC3)cc21,8.65,CHEMBL3705734
CHEMBL3701687,Cc1c(-c2cncc(F)c2)nc2ncccc2c1N1CC(C)(C)c2ncc(N3CCOCC3)cc21,8.65,CHEMBL3705734
CHEMBL4744705,Nc1ncc(-c2nc(N3CCOCC3)nc(N3CCOCC3)n2)c(C(F)F)n1,8.66,CHEMBL4668259
CHEMBL5742615,CC[C@H](Oc1cc2c3c(c1)nc(-c1ccc4oc(N)nc4c1)n3CCCCO2)C(=O)O,8.68,CHEMBL5731104
CHEMBL5914636,C[C@H](Oc1cc2c3c(c1)nc(-c1ccc4nc(N)sc4c1)n3CCCO2)C(N)=O,8.68,CHEMBL5731104
CHEMBL3646517,Cc1nc(N)nc(-c2cccnc2Nc2ccc(NC(=O)Nc3ccccc3)nc2)n1,8.7,CHEMBL3706341
CHEMBL5933311,CNc1nc2cc(-c3nc4cc(N[C@@H](C)C(N)=O)cc5c4n3CCCO5)ccc2o1,8.7,CHEMBL5731104
CHEMBL1949914,Nc1ncc(-c2nc(N3CCOCC3)c3cc(CC4CCN(CC(F)(F)F)CC4)sc3n2)cn1,8.7,CHEMBL1954960
CHEMBL1949917,CN(Cc1cc2c(N3CCOCC3)nc(-c3cnc(N)nc3)nc2s1)S(C)(=O)=O,8.7,CHEMBL1954960
CHEMBL4515766,C[C@H]1COCCN1c1cc(-c2cnc(N)nc2C(F)F)nc(N2CCOCC2)n1,8.7,CHEMBL4360966
CHEMBL3646632,COc1ncc(Nc2ncc([C@@H](C)N3CCN(S(C)(=O)=O)C[C@@H]3C)cc2-c2nc(C)nc(N)n2)cn1,8.7,CHEMBL3706341
CHEMBL2170082,COc1ncc(Nc2ncc(CN3CCN(S(C)(=O)=O)C[C@H]3C)cc2-c2nc(C)nc(N)n2)cc1F,8.7,CHEMBL3706341
CHEMBL3814414,Cc1nc(N)ncc1-c1nc(N2CCOCC2)c2nc3n(c2n1)CCOC3(C)C,8.7,CHEMBL3816166
CHEMBL3813842,CC1(C)OCCn2c1nc1c(N3CCOCC3)nc(-c3cnc(N)nc3)nc12,8.7,CHEMBL3816166
CHEMBL3646449,COc1ccc(Nc2ncc(Cc3ccc(S(C)(=O)=O)cc3)cc2-c2nc(C)nc3[nH]cnc23)cn1,8.7,CHEMBL3706341
CHEMBL2165007,COc1ccc(Nc2ncc(Cc3ccc(S(C)(=O)=O)cc3)cc2-c2nc(C)nc(N)n2)cn1,8.7,CHEMBL3706341
CHEMBL2170083,COc1ncc(Nc2ncc(CN3CCN(S(C)(=O)=O)C[C@@H]3C)cc2-c2nc(C)nc(N)n2)cc1F,8.7,CHEMBL3706341
CHEMBL3649427,O=S(=O)(Nc1cc(-c2cnc3ccc(-c4ccncc4)cn23)cnc1Cl)c1ccc(F)cc1,8.7,CHEMBL3705286
CHEMBL2206907,Cc1nc(N)nc(-c2cc(C3CCOCC3)cnc2Nc2cnc(Cl)c(NS(C)(=O)=O)c2)n1,8.7,CHEMBL3706341
CHEMBL3646480,COc1ncc(Nc2ncc(Cc3ccc(S(C)(=O)=O)cc3)cc2-c2nc(C)nc(N)n2)cc1F,8.7,CHEMBL3706341
CHEMBL2418352,CC(C)(O)c1nc2c(N3CCOCC3)nc(-c3cnc(N)nc3)nc2n1CCO,8.7,CHEMBL2421129
CHEMBL2170090,COc1ncc(Nc2ncc(C(C)(C)N3CCN(S(C)(=O)=O)CC3)cc2-c2nc(C)nc(N)n2)cc1F,8.7,CHEMBL3706341
CHEMBL3646481,COc1ncc(Nc2ncc(C(C)N3CCN(S(C)(=O)=O)CC3)cc2-c2nc(C)nc(N)n2)cc1F,8.7,CHEMBL3706341
CHEMBL3646595,COc1ncc(Nc2ncc([C@@H](C)N3CCN(S(C)(=O)=O)CC3)cc2-c2cc(N)nc(C)n2)cc1F,8.7,CHEMBL3706341
CHEMBL1949918,CN(C)C(=O)N1CCN(Cc2cc3c(N4CCOCC4)nc(-c4cnc(N)nc4)nc3s2)CC1,8.7,CHEMBL1954960
CHEMBL2178608,COC1(c2sc3c(N4CCOCC4)nc(-c4cnc(N)nc4)nc3c2C)COC1,8.7,CHEMBL3816166
CHEMBL2206921,Cc1nc(N)nc(-c2cc(Cl)cnc2Nc2cnc(Cl)c(NS(=O)(=O)N(C)C)c2)n1,8.7,CHEMBL3706341
CHEMBL5778548,NC(=O)[C@@H]1COCCN1c1cc2c3c(c1)nc(-c1ccc4nc(N)sc4c1)n3CCCCO2,8.71,CHEMBL5731104
CHEMBL3701656,Cc1ccnc(-c2nc3cc(F)ccc3c(N3CCS(=O)(=O)c4ncc(N5CCOCC5)cc43)c2C)c1,8.71,CHEMBL3705734
CHEMBL4445573,C[C@H]1COCCN1c1nc(-c2cnc(N)nc2C(F)F)nc(N2CCOCC2)n1,8.72,CHEMBL4360966
CHEMBL2017649,N#Cc1c(N2CCOCC2)sc(-c2cc[nH]n2)c1-c1ccc(Cl)cc1,8.74,CHEMBL2020200
CHEMBL1234354,COc1ccc(-c2cc3c(C)nc(N)nc3n([C@H]3CC[C@H](OCCO)CC3)c2=O)cn1,8.74,CHEMBL5513473
CHEMBL1796273,CC(=O)Nc1ccc2c(c1)OCCc1cc(C(=O)N(C)c3ccccc3Cl)sc1-2,8.74,CHEMBL1798651
CHEMBL5972016,C[C@@H](Oc1cc2c3c(c1)nc(-c1ccc4nc(N)sc4c1F)n3CCCCO2)C(N)=O,8.77,CHEMBL5731104
CHEMBL2017648,N#Cc1c(N2CCOCC2)sc(-c2nc[nH]n2)c1-c1ccc(Cl)cc1,8.77,CHEMBL2020200
CHEMBL5807038,CCc1cc(-c2nc3cc(N4CCC[C@H]4C(N)=O)cc4c3n2CCCO4)cc2nc(N)oc12,8.79,CHEMBL5731104
CHEMBL5817913,Nc1nc2cc(-c3nc4cc(NC5CC(F)(F)C5)cc5c4n3CCCO5)ccc2o1,8.79,CHEMBL5731104
CHEMBL5928985,C[C@H](Oc1cc2c3c(nc(-c4ccc5oc(N)nc5c4)n3CCCO2)c1F)C(N)=O,8.79,CHEMBL5731104
CHEMBL3701648,Cc1c(N2CCCCC2=O)nc2cc(F)ccc2c1N1CC2(CCOCC2)c2ncc(N3CCOCC3)cc21,8.79,CHEMBL3705734
CHEMBL5278357,COc1ccc(-c2cc3c(C)nc(N)nc3n(C3CCC(OCCO)CC3)c2=O)cn1,8.8,CHEMBL5231752
CHEMBL5913655,NC(=O)[C@@H](Nc1cc2c3c(c1)nc(-c1ccn4ncnc4c1)n3CCCO2)C1CC1,8.8,CHEMBL5731104
CHEMBL3701638,Cc1c(N2CCCC2=O)nc2cc(F)cc(F)c2c1N1CC(C)(C)c2ncc(N3CCOCC3)cc21,8.81,CHEMBL3705734
CHEMBL3701653,Cc1c(N2CCOC(C)(C)C2)nc2cc(F)cc(F)c2c1N1CC(C)(C)c2ncc(N3CCOCC3)cc21,8.82,CHEMBL3705734
CHEMBL1796274,COC(=O)Nc1ccc2c(c1)OCCc1cc(C(=O)N(C)c3ccccc3Cl)sc1-2,8.82,CHEMBL1798651
CHEMBL3701654,Cc1ccc(S(C)(=O)=O)c(-c2nc3cc(F)cc(F)c3c(N3CC4(CCOCC4)c4ncc(N5CCOCC5)cc43)c2C)c1,8.82,CHEMBL3705734
CHEMBL3701667,Cc1c(N2CC(C)(C)CCC2=O)nc2cc(F)cc(F)c2c1N1CC2(CCOCC2)c2ncc(N3CCOCC3)cc21,8.83,CHEMBL3705734
CHEMBL1822054,CC(=O)Nc1cn2nc(-c3cnc(Cl)c(NS(=O)(=O)c4ccc(F)cc4)c3)ccc2n1,8.85,CHEMBL1828259
CHEMBL3701670,Cc1c(-c2ccccn2)nc2cc(F)ccc2c1N1CC2(CCS(=O)(=O)CC2)c2ccc(N3CCOCC3)cc21,8.86,CHEMBL3705734
CHEMBL5770554,Nc1nc2cc(-c3nc4cc(N[C@H]5C[C@@H](F)C5)cc5c4n3CCCO5)ccc2o1,8.86,CHEMBL5731104
CHEMBL6012630,CC[C@@H](Oc1cc2c3c(c1)nc(-c1ccc(-c4nc[nH]n4)cc1)n3CCCCO2)C(N)=O,8.89,CHEMBL5731104
CHEMBL3770092,CC(C)n1ncnc1-c1cn2c(n1)-c1cnc(N3CCCC3)cc1OCC2,8.89,CHEMBL3774221
CHEMBL3701685,Cc1c(N2CCC2=O)nc2cc(F)cc(F)c2c1N1CC2(CCOCC2)c2ncc(N3CCOCC3)cc21,8.9,CHEMBL3705734
CHEMBL1822057,CC(=O)Nc1cn2cc(-c3cnc(Cl)c(NS(=O)(=O)c4ccc(F)cc4)c3)ccc2n1,8.92,CHEMBL1828259
CHEMBL1796275,CN(C(=O)c1cc2c(s1)-c1ccc(C(N)=O)cc1OCC2)c1ccccc1Cl,8.92,CHEMBL1798651
CHEMBL3770630,CC(C)n1ncnc1-c1cn2c(n1)-c1cnc(N)cc1OCC2,8.92,CHEMBL3774221
CHEMBL1615189,CC(=O)Nc1nc2ccc(-c3cnc(Cl)c(NS(=O)(=O)c4ccc(F)cc4)c3)cc2s1,8.92,CHEMBL1828259
CHEMBL5984921,NC(=O)[C@@H](Nc1cc2c3c(c1)nc(-c1ccc4nccnc4c1)n3CCCO2)C1CC1,8.93,CHEMBL5731104
CHEMBL2216891,Cc1ccc(S(C)(=O)=O)c(-c2nc3cc(F)cc(F)c3c(N3CC(C)(C)c4ncc(N5CCOCC5)cc43)c2C)c1,8.98,CHEMBL3705734
CHEMBL5782001,NC(=O)[C@H](Oc1cc2c3c(c1)nc(-c1cc(F)c4nc(N)sc4c1)n3CCCCO2)C1CC1,8.99,CHEMBL5731104
CHEMBL3649445,CN(C)S(=O)(=O)Nc1cc(-c2cnc3ccc(-c4ccncc4)cn23)cnc1Cl,9.0,CHEMBL3705286
CHEMBL1949916,CS(=O)(=O)C1CCN(Cc2cc3c(N4CCOCC4)nc(-c4cnc(N)nc4)nc3s2)CC1,9.0,CHEMBL1954960
CHEMBL1950034,CN(C(=O)c1cc2c(s1)-c1cc(C(N)=O)ccc1OCC2)c1ccccc1Cl,9.0,CHEMBL1954960
CHEMBL3770824,CC(C)n1ncnc1-c1cn2c(n1)-c1cnc(O[C@@H](C)C(N)=O)cc1OCC2,9.0,CHEMBL3774221
CHEMBL3646588,COc1ncc(Nc2ncc([C@@H](C)N3CCN(S(C)(=O)=O)CC3)cc2-c2nc(C)nc3[nH]cnc23)cc1F,9.0,CHEMBL3706341
CHEMBL1668275,Cc1nc(N)c2cccc(C(=O)Nc3cnc4[nH]ccc4c3)c2n1,9.0,CHEMBL1670738
CHEMBL1950035,CCNC(=O)c1ccc2c(c1)-c1sc(C(=O)N(C)c3ccccc3Cl)cc1CCO2,9.0,CHEMBL1954960
CHEMBL3770332,COC(=O)Nc1ccc2c(c1)OCCc1cc(-c3nncn3-c3ccccc3Cl)sc1-2,9.0,CHEMBL3774221
CHEMBL3649428,O=S(=O)(Nc1cc(-c2cnc3ccc(-c4cccnc4)cn23)cnc1Cl)c1ccc(F)cc1,9.0,CHEMBL3705286
CHEMBL3646485,COc1ncc(Nc2ncc(C(C)c3ccc(S(C)(=O)=O)cc3)cc2-c2nc(C)nc(N)n2)cc1F,9.0,CHEMBL3706341
CHEMBL3646596,COc1ncc(Nc2ncc([C@@H](C)N3CCN(S(C)(=O)=O)C[C@@H]3C)cc2-c2cc(N)nc(C)n2)cc1F,9.0,CHEMBL3706341
CHEMBL1949919,CS(=O)(=O)c1cccc(-c2cc3c(N4CCOCC4)nc(-c4cnc(N)nc4)nc3s2)c1,9.0,CHEMBL1954960
CHEMBL2170088,COc1ncc(Nc2ncc([C@@H](C)N3CCN(S(C)(=O)=O)C[C@@H]3C)cc2-c2nc(C)nc(N)n2)cc1F,9.0,CHEMBL3706341
CHEMBL3649436,CN(C)S(=O)(=O)Nc1cc(-c2cnc3ccc(-c4ccnc(C(F)(F)F)c4)cn23)cnc1Cl,9.0,CHEMBL3705286
CHEMBL1949910,CS(=O)(=O)N1CCN(Cc2cc3c(N4CCOCC4)nc(-c4cnc(N)nc4)nc3s2)CC1,9.0,CHEMBL1954960
CHEMBL2178606,COC(C)(C)c1cc2nc(-c3cnc(N)nc3)nc(N3CCOCC3)c2s1,9.0,CHEMBL3816166
CHEMBL5749967,NC(=O)[C@@H](Nc1cc2c3c(c1)nc(-c1ccc4nc(N)oc4c1)n3CCCO2)C1CC1,9.01,CHEMBL5731104
CHEMBL5784302,CC(C)(O)Cn1cc(-c2ccc3c(c2)OCCc2sc(N4C(=O)OCC4(C)C)nc2-3)cn1,9.02,CHEMBL5736185
CHEMBL5748747,C[C@@H]1COC(=O)N1c1cn2c(n1)-c1ccc(N[C@H](C(N)=O)C3CCC3)cc1OCC2,9.02,CHEMBL5736185
CHEMBL3769966,CC(C)n1ncnc1-c1cn2c(n1)-c1cnc(OCC(N)=O)cc1OCC2,9.05,CHEMBL3774221
CHEMBL5202964,C[C@H](Oc1ccc2c(c1)OCCn1cc(N3C(=O)OC[C@H]3C(F)F)nc1-2)C(N)=O,9.07,CHEMBL5153851
CHEMBL6037643,CC[C@@H](Oc1cc2c3c(c1)nc(-c1ccc4oc(N)nc4c1)n3CCCO2)C(N)=O,9.1,CHEMBL5731104
CHEMBL5185638,NC(=O)[C@@H]1CCCN1c1ccc2c(c1)OCCn1cc(N3C(=O)CC[C@H]3C(F)(F)F)nc1-2,9.1,CHEMBL5153851
CHEMBL5893688,C[C@@H](Oc1cc2c3c(c1)nc(-c1ccc4sc(N)nc4c1)n3CCCCO2)C(N)=O,9.12,CHEMBL5731104
CHEMBL5801988,COC[C@@H](Oc1cc2c3c(c1)nc(-c1ccc4nc(N)sc4n1)n3CCCCO2)C(N)=O,9.13,CHEMBL5731104
CHEMBL5812147,Cn1cc(-c2cc3c4c(c2)nc(-c2ccc5oc(N)nc5c2)n4CCCO3)cn1,9.13,CHEMBL5731104
CHEMBL5881181,NC(=O)[C@H](Oc1cc2c3c(c1)nc(-c1ccc(-c4ncn[nH]4)c(F)c1)n3CCCCO2)C1CC1,9.14,CHEMBL5731104
CHEMBL5988876,NC(=O)[C@@H](Nc1cc2c3c(c1)nc(-c1ccc4nc(N)nn4c1)n3CCCO2)C1CC1,9.14,CHEMBL5731104
CHEMBL5186223,CC(C)[C@H](Nc1ccc2c(c1)OCCn1cc(N3C(=O)OC[C@H]3C(F)(F)F)nc1-2)C(N)=O,9.16,CHEMBL5153851
CHEMBL5184370,CC1(C)C(=O)NC(=O)N1c1cn2c(n1)-c1ccc(N3CCC[C@H]3C(N)=O)cc1OCC2,9.17,CHEMBL5153851
CHEMBL6012040,Nc1nc2cc(-c3nc4cc(-c5cnn(CCO)c5)cc5c4n3CCCO5)ccc2o1,9.2,CHEMBL5731104
CHEMBL5907169,C[C@H]1CCN(c2cc3c4c(c2)nc(-c2ccc5oc(N)nc5c2)n4CCCCO3)[C@@H]1C(N)=O,9.2,CHEMBL5731104
CHEMBL5776641,NC(=O)[C@@H](Nc1cc2c3c(c1)nc(-c1ccc4nc(N)sc4c1)n3CCCO2)C1CC1,9.21,CHEMBL5731104
CHEMBL1796757,CN(C(=O)c1cc2c(s1)-c1ccc(-c3cn[nH]c3)cc1OCC2)c1ccccc1Cl,9.22,CHEMBL1798651
CHEMBL2017654,N#Cc1ccc(-c2c(-c3ncn[nH]3)sc(N3CCOCC3)c2C#N)c(F)c1,9.22,CHEMBL2020200
CHEMBL3218579,COc1ccc(C2=CC3C(C)=NC(N)=NC3N([C@H]3CC[C@H](OCCO)CC3)C2=O)cn1,9.24,CHEMBL3223603
CHEMBL6026953,C[C@@H](Nc1cc2c3c(c1)nc(-c1ccc4oc(N)nc4c1)n3CCCO2)C(N)=O,9.24,CHEMBL5731104
CHEMBL5919207,Nc1nc2cc(-c3nc4cc(N[C@H]5C[C@H](F)C5)cc5c4n3CCCO5)ccc2o1,9.25,CHEMBL5731104
CHEMBL6055974,CC(C)n1ncnc1-c1cn2c(n1)-c1ccc(O[C@@H](C(N)=O)C3CC3)cc1OCC2,9.25,CHEMBL5736185
CHEMBL5194906,C[C@@H]1COC(=O)N1c1cn2c(n1)-c1ccc(N3CCC[C@H]3C(N)=O)cc1OCC2,9.25,CHEMBL5153851
CHEMBL3769854,CC[C@H](Oc1ccc2c(c1)OCCn1cc(-c3ncnn3C(C)C)nc1-2)C(N)=O,9.3,CHEMBL3774221
CHEMBL1668264,COc1ccc(NC(=O)c2cc(C)cc3c(N)nc(C)nc23)cn1,9.3,CHEMBL1670738
CHEMBL1668269,Cc1ccc(NC(=O)c2cccc3c(N)nc(C)nc23)cn1,9.3,CHEMBL1670738
CHEMBL1668271,Cc1cc(C(=O)Nc2ccc(C)nc2)c2nc(C)nc(N)c2c1,9.3,CHEMBL1670738
CHEMBL5800103,NC(=O)[C@@H](Nc1cc2c3c(c1)nc(-c1ccc4sc(N)nc4c1)n3CCCO2)C1CC1,9.31,CHEMBL5731104
CHEMBL5967979,C[C@@H]1COC(=O)N1c1cn2c(n1)-c1ccc(N[C@H](C(N)=O)C3CC3)cc1OCC2,9.33,CHEMBL5736185
CHEMBL5204346,NC(=O)[C@@H]1CCCN1c1ccc2c(c1)OCCn1cc(N3CCn4nccc4C3=O)nc1-2,9.36,CHEMBL5153851
CHEMBL5890882,NC(=O)[C@@H](C1CC1)n1cc(-c2cc3c4c(c2)nc(-c2ccc5oc(N)nc5c2)n4CCCO3)cn1,9.36,CHEMBL5731104
CHEMBL5784355,CCn1ncnc1-c1cn2c(n1)-c1ccc(O[C@@H](C)C(N)=O)cc1OCC2,9.36,CHEMBL5736185
CHEMBL6017352,CCc1cc(-c2nc3cc(N[C@H](C(N)=O)C4CC4)cc4c3n2CCCO4)cc2nc(N)oc12,9.37,CHEMBL5731104
CHEMBL6005269,NC(=O)[C@@H](Nc1cc2c3c(c1)nc(-c1cc(F)c4nccnc4c1)n3CCCO2)C1CC1,9.37,CHEMBL5731104
CHEMBL5965456,NC(=O)[C@@H](Oc1cc2c3c(c1)nc(-c1cc(F)c4nc(N)sc4c1)n3CCO2)C1CC1,9.39,CHEMBL5731104
CHEMBL2387083,Cc1nc(-c2cn3c(n2)-c2ccc(-c4cnn(CCO)c4)cc2OCC3)n(C(C)C)n1,9.4,CHEMBL2388269
CHEMBL1949915,CS(=O)(=O)N1CCC(Cc2cc3c(N4CCOCC4)nc(-c4cnc(N)nc4)nc3s2)CC1,9.4,CHEMBL1954960
CHEMBL6039197,NC(=O)[C@@H]1CCCN1c1cc2c3c(c1)nc(-c1ccc(-c4nc[nH]n4)cn1)n3CCCO2,9.41,CHEMBL5731104
CHEMBL5192172,NC(=O)[C@@H]1CCCN1c1ccc2c(c1)OCCn1cc(N3CC[C@H](O)C3=O)nc1-2,9.45,CHEMBL5153851
CHEMBL6006390,C[C@@H](Oc1cc2c3c(c1)nc(-c1cc(F)c4oc(N)nc4c1)n3CCCO2)C(N)=O,9.46,CHEMBL5731104
CHEMBL3771364,CC(C)n1ncnc1-c1cn2c(n1)-c1ccc(O[C@@H](C)C(N)=O)cc1OCC2,9.46,CHEMBL5153851
CHEMBL2017653,N#Cc1c(N2CCOCC2)sc(-c2ncn[nH]2)c1-c1ccc(Cl)cc1Cl,9.46,CHEMBL2020200
CHEMBL2386971,Cc1nc(-c2cn3c(n2)-c2ccc(-c4cnn(C5CN(C(=O)[C@H](C)O)C5)c4)cc2OCC3)n(C(C)C)n1,9.47,CHEMBL2388269
CHEMBL5209238,NC(=O)[C@@H](Nc1ccc2c(c1)OCCn1cc(N3C(=O)OC[C@H]3C(F)(F)F)nc1-2)C1CCC1,9.49,CHEMBL5153851
CHEMBL5181675,NC(=O)[C@@H]1CCCN1c1ccc2c(c1)OCCn1cc(N3CCCOCC3=O)nc1-2,9.49,CHEMBL5153851
CHEMBL5901224,CNC(=O)C(C)(C)n1cc(-c2cc3c4c(c2)nc(-c2ccc5oc(N)nc5c2)n4CCCO3)cn1,9.5,CHEMBL5731104
CHEMBL5956434,COC[C@](C)(C(N)=O)n1cc(-c2cc3c4c(c2)nc(-c2ccc5oc(N)nc5c2)n4CCCO3)cn1,9.51,CHEMBL5731104
CHEMBL2387081,CC(C)n1ncnc1-c1cn2c(n1)-c1ccc(-c3cn[nH]c3)cc1OCC2,9.51,CHEMBL2388269
CHEMBL5796509,NC(=O)[C@H](C1CC1)n1cc(-c2cc3c4c(c2)nc(-c2ccc5oc(N)nc5c2)n4CCCO3)cn1,9.51,CHEMBL5731104
CHEMBL2387080,Cc1nc(-c2cn3c(n2)-c2ccc(-c4cnn(C(C)(C)C(N)=O)c4)cc2OCC3)n(C(C)C)n1,9.52,CHEMBL3774221
CHEMBL1668277,Cc1cc(C(=O)Nc2cnc3[nH]ccc3c2)c2nc(C)nc(N)c2c1,9.52,CHEMBL1670738
CHEMBL3770140,CC(C)n1ncnc1-c1cn2c(n1)-c1ccc(OCC(N)=O)cc1OCC2,9.52,CHEMBL3774221
CHEMBL2386972,Cc1nc(-c2cn3c(n2)-c2ccc(-c4cnn(CCN5CCOCC5)c4)cc2OCC3)n(C(C)C)n1,9.52,CHEMBL2388269
CHEMBL3770717,CC(C)n1ncnc1-c1cn2c(n1)-c1ccc(N3CCCC[C@H]3C(N)=O)cc1OCC2,9.52,CHEMBL3774221
CHEMBL5831727,CC[C@@H](C(N)=O)n1cc(-c2cc3c4c(c2)nc(-c2ccc5oc(N)nc5c2)n4CCCO3)cn1,9.53,CHEMBL5731104
CHEMBL2387082,Cc1nc(-c2cn3c(n2)-c2ccc(-c4cnn(C)c4)cc2OCC3)n(C(C)C)n1,9.54,CHEMBL2388269
CHEMBL5209394,NC(=O)[C@@H]1[C@H](F)CCN1c1ccc2c(c1)OCCn1cc(N3C(=O)OC[C@H]3C(F)(F)F)nc1-2,9.54,CHEMBL5153851
CHEMBL5846719,NC(=O)[C@@H](Oc1cc2c3c(c1)nc(-c1ccc4oc(N)nc4c1)n3CCCO2)C1CC1,9.56,CHEMBL5731104
CHEMBL5848295,CC[C@H](Oc1cc2c3c(c1)nc(-c1ccc4oc(N)nc4c1)n3CCCO2)C(N)=O,9.57,CHEMBL5731104
CHEMBL5833717,NC(=O)[C@@H](Nc1cc2c3c(c1)nc(-c1ccn4ncnc4n1)n3CCCO2)C1CC1,9.58,CHEMBL5731104
CHEMBL5801484,NC(=O)[C@@H]1CCCN1c1cc2c3c(c1)nc(-c1ccc(-c4nc[nH]n4)c(Cl)c1)n3CCCO2,9.58,CHEMBL5731104
CHEMBL5935411,C[C@@H](C(N)=O)n1cc(-c2cc3c4c(c2)nc(-c2ccc5oc(N)nc5c2)n4CCCO3)cn1,9.62,CHEMBL5731104
CHEMBL5989537,NC(=O)[C@@H]1CCCN1c1cc2c3c(c1)nc(-c1ccc(-c4nc[nH]n4)cc1)n3CCCO2,9.62,CHEMBL5731104
CHEMBL6011590,C[C@@H]1Cn2c(-c3ccc4oc(N)nc4c3)nc3cc(O[C@@H](C)C(N)=O)cc(c32)O1,9.66,CHEMBL5731104
CHEMBL6024283,CC[C@H](C(N)=O)n1cc(-c2cc3c4c(c2)nc(-c2ccc5oc(N)nc5c2)n4CCCO3)cn1,9.67,CHEMBL5731104
CHEMBL6041840,C[C@H](Oc1cc2c3c(c1)nc(-c1cc4sc(N)nc4cc1F)n3CCCCO2)C(N)=O,9.68,CHEMBL5731104
CHEMBL5992179,NC(=O)[C@@H](Nc1cc2c3c(c1)nc(-c1cc(C(F)(F)F)c4oc(N)nc4c1)n3CCCO2)C1CC1,9.68,CHEMBL5731104
CHEMBL3770325,CC(C)n1ncnc1-c1cn2c(n1)-c1cnc(N(C)CC(N)=O)cc1OCC2,9.7,CHEMBL3774221
CHEMBL5894557,C[C@H](Oc1cc2c3c(c1)nc(-c1ccc4oc(N)nc4c1)n3CCCO2)C(N)=O,9.7,CHEMBL5731104
CHEMBL6042068,Cc1cc(-c2nc3cc(N[C@H](C(N)=O)C4CC4)cc4c3n2CCCO4)cc2nc(N)oc12,9.72,CHEMBL5731104
CHEMBL5171276,C[C@H](Oc1ccc2c(c1)OCCn1cc(-c3ncnn3CC(F)(F)F)nc1-2)C(N)=O,9.73,CHEMBL5153851
CHEMBL2387086,CC(C)n1ncnc1-c1cn2c(n1)-c1ccc(-c3cnn(CCO)c3)cc1OCC2,9.77,CHEMBL2388269
CHEMBL5832151,CO[C@@H]1CCN(c2cc3c4c(c2)nc(-c2ccc5oc(N)nc5c2)n4CCCCO3)[C@@H]1C(N)=O,9.77,CHEMBL5731104
CHEMBL5189517,CC[C@H](Nc1ccc2c(c1)OCCn1cc(N3C(=O)OC[C@H]3C(F)(F)F)nc1-2)C(N)=O,9.8,CHEMBL5153851
CHEMBL5202305,NC(=O)[C@@H]1CCCN1c1ccc2c(c1)OCCn1cc(N3C(=O)OC[C@H]3C(F)(F)F)nc1-2,9.82,CHEMBL5153851
CHEMBL5743605,NC(=O)[C@@H](Nc1cc2c3c(c1)nc(-c1ccc(-c4nc[nH]n4)cc1)n3CCCO2)C1CC1,9.82,CHEMBL5731104
CHEMBL6063447,C[C@@H](C(N)=O)N(C)c1cc2c3c(c1)nc(-c1ccc4nc(N)sc4c1)n3CCCCO2,9.83,CHEMBL5731104
CHEMBL2387079,CC(C)n1ncnc1-c1cn2c(n1)-c1ccc(-c3cnn(CC(C)(C)O)c3)cc1OCC2,9.85,CHEMBL2388269
CHEMBL5948863,C[C@H](C(N)=O)n1cc(-c2cc3c4c(c2)nc(-c2ccc5oc(N)nc5c2)n4CCCO3)cn1,9.85,CHEMBL5731104
CHEMBL2331664,Cc1ccc(-c2ccc3ncc4c(c3n2)n(C2CCN(C(=O)[C@H](C)O)CC2)c(=O)n4C)cn1,9.89,CHEMBL2346295
CHEMBL5756911,COC[C@@H](Oc1cc2c3c(c1)nc(-c1ccc4nc(N)sc4c1)n3CCCCO2)C(N)=O,9.9,CHEMBL5731104
CHEMBL6023867,COC[C@@](C)(C(N)=O)n1cc(-c2cc3c4c(c2)nc(-c2ccc5oc(N)nc5c2)n4CCCO3)cn1,9.92,CHEMBL5731104
CHEMBL5976976,CC(C)(C(N)=O)n1cc(-c2cc3c4c(c2)nc(-c2ccc5oc(N)nc5c2)n4CCCO3)cn1,9.93,CHEMBL5731104
CHEMBL5920405,C[C@H](Oc1cc2c3c(c1)nc(-c1ccc4sc(N)nc4c1)n3CCCCO2)C(N)=O,9.95,CHEMBL5731104
CHEMBL2386970,Cc1nc(-c2cn3c(n2)-c2ccc(-c4cnn(C5CN(CCO)C5)c4)cc2OCC3)n(C(C)C)n1,9.96,CHEMBL2388269
CHEMBL5969740,C[C@H](Oc1cc2c3c(c1)nc(-c1ccc4oc(N)nc4n1)n3CCCO2)C(N)=O,9.97,CHEMBL5731104
CHEMBL5916419,CC(C)n1ncnc1-c1cn2c(n1)-c1ccc(N(C)[C@@H](C)C(N)=O)cc1OCC2,9.97,CHEMBL5736185
CHEMBL5182339,CC(C)n1nc(N)nc1-c1cn2c(n1)-c1ccc(O[C@@H](C)C(N)=O)cc1OCC2,9.97,CHEMBL5153851
CHEMBL5769900,NC(=O)[C@H](Oc1cc2c3c(c1)nc(-c1ccc4oc(N)nc4c1)n3CCCCO2)C1CC1,9.98,CHEMBL5731104
CHEMBL5860320,CC[C@H](C(N)=O)n1cc(-c2cc3c4c(c2)nc(-c2ccc5oc(N)nc5n2)n4CCCCO3)cn1,9.99,CHEMBL5731104
CHEMBL3770709,CC(C)n1ncnc1-c1cn2c(n1)-c1cnc(N3CCC[C@H]3C(N)=O)cc1OCC2,10.0,CHEMBL3774221
CHEMBL5182371,NC(=O)[C@@H](Nc1ccc2c(c1)OCCn1cc(N3C(=O)OC[C@H]3C(F)(F)F)nc1-2)C1CC1,10.0,CHEMBL5153851
CHEMBL3770306,CC(C)n1ncnc1-c1cn2c(n1)-c1ccc(N3CC[C@H]3C(N)=O)cc1OCC2,10.0,CHEMBL3774221
CHEMBL5750909,NC(=O)[C@H](Oc1cc2c3c(c1)nc(-c1cc(F)c4oc(N)nc4c1)n3CCCCO2)C1CC1,10.0,CHEMBL5731104
CHEMBL5181348,CO[C@@H]1CCN(c2ccc3c(c2)OCCn2cc(N4C(=O)OC[C@H]4C(F)(F)F)nc2-3)[C@@H]1C(N)=O,10.01,CHEMBL5153851
CHEMBL5829901,NC(=O)[C@@H](Nc1cc2c3c(c1)nc(-c1cc(Cl)c4oc(N)nc4c1)n3CCCO2)C1CC1,10.02,CHEMBL5731104
CHEMBL5205438,C[C@H](Nc1ccc2c(c1)OCCn1cc(N3C(=O)OC[C@H]3C(F)(F)F)nc1-2)C(N)=O,10.02,CHEMBL5153851
CHEMBL6034108,C[C@H](Oc1cc2c3c(c1)nc(-c1cc(F)c4oc(N)nc4c1)n3CCCO2)C(N)=O,10.05,CHEMBL5731104
CHEMBL5795361,NC(=O)[C@@H](Nc1cc2c3c(c1)nc(-c1ccc4oc(N)nc4c1)n3CCCO2)C1CC1,10.12,CHEMBL5731104
CHEMBL6017610,C[C@H](Oc1cc2c3c(c1)nc(-c1ccc4nc(N)sc4c1F)n3CCCCO2)C(N)=O,10.14,CHEMBL5731104
CHEMBL5909864,CC[C@@H](C(N)=O)n1cc(-c2cc3c4c(c2)nc(-c2ccc5nc(N)sc5n2)n4CCCCO3)cn1,10.15,CHEMBL5731104
CHEMBL5954637,NC(=O)[C@@H]1CCCN1c1cc2c3c(c1)nc(-c1ccc4oc(N)nc4c1)n3CCCO2,10.15,CHEMBL5731104
CHEMBL5831232,CC[C@H](C(N)=O)n1cc(-c2cc3c4c(c2)nc(-c2ccc5nc(N)sc5n2)n4CCCCO3)cn1,10.21,CHEMBL5731104
CHEMBL5209048,C[C@H](Oc1ccc2c(c1)OCCn1cc(-c3nc(CO)nn3CC(F)(F)F)nc1-2)C(N)=O,10.21,CHEMBL5153851
CHEMBL5996160,C[C@H](Oc1cc2c3c(c1)nc(-c1cc(F)c4sc(N)nc4c1)n3CCCCO2)C(N)=O,10.21,CHEMBL5731104
CHEMBL5196718,NC(=O)[C@@H](Nc1ccc2c(c1)OCCn1cc(N3C(=O)OC[C@H]3C(F)F)nc1-2)C1CC1,10.22,CHEMBL5153851
CHEMBL5776576,NC(=O)[C@@H](Nc1cc2c3c(c1)nc(-c1ccc4nc(N)cnc4c1)n3CCCO2)C1CC1,10.25,CHEMBL5731104
CHEMBL5209168,NC(=O)[C@@H]1CCCN1c1ccc2c(c1)OCCn1cc(N3C(=O)OC[C@H]3C(F)F)nc1-2,10.28,CHEMBL5153851
CHEMBL5955267,CC[C@H](Oc1cc2c3c(c1)nc(-c1cc(F)c(-c4ncn[nH]4)cc1F)n3CCCCO2)C(N)=O,10.28,CHEMBL5731104
CHEMBL5186155,NC(=O)[C@@H](Nc1ccc2c(c1)OCCn1cc(N3C(=O)OC[C@H]3CF)nc1-2)C1CC1,10.29,CHEMBL5153851
CHEMBL5764612,CC[C@H](Oc1cc2c3c(c1)nc(-c1cc(F)c4nc(N)sc4c1)n3CCCCO2)C(N)=O,10.31,CHEMBL5731104
CHEMBL5789652,CC[C@H](Nc1ccc2c(c1)OCCn1cc(N3C(=O)OC[C@H]3C(F)F)nc1-2)C(N)=O,10.32,CHEMBL5736185
CHEMBL6007757,CO[C@@H]1CCN(c2cc3c4c(c2)nc(-c2ccc5nc(N)sc5c2)n4CCCCO3)[C@@H]1C(N)=O,10.35,CHEMBL5731104
CHEMBL5824088,C[C@@H]1Cn2c(-c3ccc4oc(N)nc4c3)nc3cc(N[C@H](C(N)=O)C4CC4)cc(c32)O1,10.35,CHEMBL5731104
CHEMBL5198796,NC(=O)[C@@H]1CCCN1c1ccc2c(c1)OCCn1cc(N3C(=O)OC[C@H]3CF)nc1-2,10.37,CHEMBL5153851
CHEMBL5199631,CC(C)[C@@H]1COC(=O)N1c1cn2c(n1)-c1ccc(N3CCC[C@H]3C(N)=O)cc1OCC2,10.38,CHEMBL5153851
CHEMBL5916599,C[C@H](Nc1ccc2c(c1)OCCn1cc(N3C(=O)OC[C@H]3CF)nc1-2)C(N)=O,10.4,CHEMBL5736185
CHEMBL5940691,CC[C@@H](C(N)=O)n1cc(-c2cc3c4c(c2)nc(-c2ccc5oc(N)nc5n2)n4CCCCO3)cn1,10.42,CHEMBL5731104
CHEMBL5808916,NC(=O)[C@@H]1CCCN1c1cc2c3c(c1)nc(-c1ccc4nc(N)sc4c1)n3CCCCO2,10.46,CHEMBL5731104
CHEMBL4650215,C[C@H](Nc1ccc2c(c1)OCCn1cc(N3C(=O)OC[C@H]3C(F)F)nc1-2)C(N)=O,10.47,CHEMBL5153851
CHEMBL5930321,C[C@@H](Oc1cc2c3c(c1)nc(-c1ccc4oc(N)nc4c1)n3CCCCO2)C(N)=O,10.49,CHEMBL5731104
CHEMBL5957586,C[C@H](Nc1cc2c3c(c1)nc(-c1ccc4oc(N)nc4c1)n3CCCO2)C(N)=O,10.49,CHEMBL5731104
CHEMBL5925143,C[C@H](Oc1cc2c3c(c1)nc(-c1ccc4nc(N)sc4c1)n3CCCCO2)C(N)=O,10.52,CHEMBL5731104
CHEMBL5968296,C[C@@H](C(N)=O)N(C)c1cc2c3c(c1)nc(-c1ccc4oc(N)nc4c1F)n3CCCCO2,10.52,CHEMBL5731104
CHEMBL3770993,CC(C)n1ncnc1-c1cn2c(n1)-c1ccc(N3CCC[C@H]3C(N)=O)cc1OCC2,10.52,CHEMBL3774221
CHEMBL5845982,NC(=O)[C@@H](Oc1cc2c3c(c1)nc(-c1ccc4nc(N)sc4c1)n3CCCCO2)C1CC1,10.57,CHEMBL5731104
CHEMBL5855663,NC(=O)[C@@H]1CCCN1c1cc2c3c(nc(-c4ccc5oc(N)nc5c4)n3CCCO2)c1F,10.59,CHEMBL5731104
CHEMBL5208487,CC(C)n1nc(N)nc1-c1cn2c(n1)-c1ccc(N3CCC[C@H]3C(N)=O)cc1OCC2,10.59,CHEMBL5153851
CHEMBL5750027,Nc1nc2cc(-c3nc4c(F)c(N5CCC[C@H]5C(=O)F)cc5c4n3CCCCO5)ccc2o1,10.62,CHEMBL5731104
CHEMBL5867381,C[C@H](Oc1cc2c3c(c1)nc(-c1ccc4nc(N)nnc4c1)n3CCCCO2)C(N)=O,10.62,CHEMBL5731104
CHEMBL6019298,C[C@H](Nc1ccc2c(c1)OCCn1cc(-c3ncnn3CC(F)(F)F)nc1-2)C(N)=O,10.64,CHEMBL5736185
CHEMBL5778370,C[C@H](Oc1cc2c3c(c1)nc(-c1ccc(-c4ncn[nH]4)cc1F)n3CCCCO2)C(N)=O,10.66,CHEMBL5731104
CHEMBL5953956,CC[C@H](Oc1cc2c3c(c1)nc(-c1ccc(-c4nc[nH]n4)cc1)n3CCCCO2)C(N)=O,10.68,CHEMBL5731104
CHEMBL1236962,COc1ncc(-c2ccc3nccc(-c4ccnnc4)c3c2)cc1NS(=O)(=O)c1ccc(F)cc1F,10.7,CHEMBL5347393
